,country_code,year,decile,income,country
0,ALB,2008,1,1110.01997,ALB
1,ALB,2008,2,1513.77441,ALB
2,ALB,2008,3,1825.45956,ALB
3,ALB,2008,4,2070.4801,ALB
4,ALB,2008,5,2354.91407,ALB
5,ALB,2008,6,2671.2130899999997,ALB
6,ALB,2008,7,3039.6189300000005,ALB
7,ALB,2008,8,3535.86193,ALB
8,ALB,2008,9,4339.44623,ALB
9,ALB,2008,10,7487.51073,ALB
10,ARG,2008,1,840.729387,ARG
11,ARG,2008,2,1649.98229,ARG
12,ARG,2008,3,2331.2401099999997,ARG
13,ARG,2008,4,3004.54199,ARG
14,ARG,2008,5,3780.5619600000005,ARG
15,ARG,2008,6,4653.90524,ARG
16,ARG,2008,7,5794.80728,ARG
17,ARG,2008,8,7359.1177800000005,ARG
18,ARG,2008,9,9906.616400000003,ARG
19,ARG,2008,10,19157.344100000002,ARG
20,ARM,2008,1,676.3114569999999,ARM
21,ARM,2008,2,921.943707,ARM
22,ARM,2008,3,1062.4673849999997,ARM
23,ARM,2008,4,1200.81948,ARM
24,ARM,2008,5,1353.4794200000001,ARM
25,ARM,2008,6,1519.4017800000001,ARM
26,ARM,2008,7,1701.3831599999999,ARM
27,ARM,2008,8,1954.58407,ARM
28,ARM,2008,9,2337.26105,ARM
29,ARM,2008,10,3556.1763400000004,ARM
30,AUT,2008,1,6210.7390000000005,AUT
31,AUT,2008,2,8874.17504,AUT
32,AUT,2008,3,10607.5736,AUT
33,AUT,2008,4,12129.886999999999,AUT
34,AUT,2008,5,13839.226299999998,AUT
35,AUT,2008,6,15528.243099999998,AUT
36,AUT,2008,7,17479.2663,AUT
37,AUT,2008,8,20159.007400000002,AUT
38,AUT,2008,9,24118.0429,AUT
39,AUT,2008,10,37429.841400000005,AUT
40,AZE,2008,1,814.8057699999999,AZE
41,AZE,2008,2,1173.54123,AZE
42,AZE,2008,3,1410.20084,AZE
43,AZE,2008,4,1611.0328800000002,AZE
44,AZE,2008,5,1835.68334,AZE
45,AZE,2008,6,2085.09263,AZE
46,AZE,2008,7,2399.7036099999996,AZE
47,AZE,2008,8,2813.2782799999995,AZE
48,AZE,2008,9,3494.1820999999995,AZE
49,AZE,2008,10,5936.76955,AZE
50,BEL,2008,1,5229.49292,BEL
51,BEL,2008,2,7901.76624,BEL
52,BEL,2008,3,9648.7585,BEL
53,BEL,2008,4,11107.6831,BEL
54,BEL,2008,5,12485.8438,BEL
55,BEL,2008,6,14015.458799999999,BEL
56,BEL,2008,7,15747.635799999998,BEL
57,BEL,2008,8,17917.2909,BEL
58,BEL,2008,9,21485.856900000002,BEL
59,BEL,2008,10,34706.354799999994,BEL
60,BFA,2009,1,250.839979,BFA
61,BFA,2009,2,364.09548199999995,BFA
62,BFA,2009,3,448.55404699999997,BFA
63,BFA,2009,4,532.4718,BFA
64,BFA,2009,5,618.9715429999999,BFA
65,BFA,2009,6,725.808276,BFA
66,BFA,2009,7,861.238967,BFA
67,BFA,2009,8,1056.027808,BFA
68,BFA,2009,9,1376.83819,BFA
69,BFA,2009,10,2944.68049,BFA
70,BGD,2010,1,389.955214,BGD
71,BGD,2010,2,505.7690759999999,BGD
72,BGD,2010,3,588.799458,BGD
73,BGD,2010,4,668.70333,BGD
74,BGD,2010,5,753.443128,BGD
75,BGD,2010,6,851.579687,BGD
76,BGD,2010,7,975.361948,BGD
77,BGD,2010,8,1147.3719299999998,BGD
78,BGD,2010,9,1446.32504,BGD
79,BGD,2010,10,2659.6152800000004,BGD
80,BGR,2008,1,1051.891956,BGR
81,BGR,2008,2,2066.14219,BGR
82,BGR,2008,3,2681.00073,BGR
83,BGR,2008,4,3241.3253099999997,BGR
84,BGR,2008,5,3803.3826200000003,BGR
85,BGR,2008,6,4453.39195,BGR
86,BGR,2008,7,5172.67252,BGR
87,BGR,2008,8,6083.500929999999,BGR
88,BGR,2008,9,7455.1550799999995,BGR
89,BGR,2008,10,13841.3223,BGR
90,BIH,2007,1,1662.77278,BIH
91,BIH,2007,2,2613.51026,BIH
92,BIH,2007,3,3318.93854,BIH
93,BIH,2007,4,3996.2689400000004,BIH
94,BIH,2007,5,4738.32475,BIH
95,BIH,2007,6,5547.94291,BIH
96,BIH,2007,7,6544.83098,BIH
97,BIH,2007,8,7988.977199999999,BIH
98,BIH,2007,9,10142.06795,BIH
99,BIH,2007,10,16793.2388,BIH
100,BLR,2008,1,1497.753074,BLR
101,BLR,2008,2,2129.2030999999997,BLR
102,BLR,2008,3,2523.25539,BLR
103,BLR,2008,4,2913.92891,BLR
104,BLR,2008,5,3300.4950299999996,BLR
105,BLR,2008,6,3741.1013700000003,BLR
106,BLR,2008,7,4232.90927,BLR
107,BLR,2008,8,4832.97032,BLR
108,BLR,2008,9,5720.93901,BLR
109,BLR,2008,10,8319.07987,BLR
110,BOL,2008,1,166.8444199,BOL
111,BOL,2008,2,517.1117059999999,BOL
112,BOL,2008,3,858.357037,BOL
113,BOL,2008,4,1173.0439499999998,BOL
114,BOL,2008,5,1564.34536,BOL
115,BOL,2008,6,2005.5538999999997,BOL
116,BOL,2008,7,2576.7802300000003,BOL
117,BOL,2008,8,3371.83064,BOL
118,BOL,2008,9,4821.755890000001,BOL
119,BOL,2008,10,13107.015300000001,BOL
120,BRA,2008,1,509.81828800000005,BRA
121,BRA,2008,2,1022.10543,BRA
122,BRA,2008,3,1472.94497,BRA
123,BRA,2008,4,1933.1239500000004,BRA
124,BRA,2008,5,2477.93275,BRA
125,BRA,2008,6,3153.8344,BRA
126,BRA,2008,7,3916.05176,BRA
127,BRA,2008,8,5198.645919999999,BRA
128,BRA,2008,9,7643.253070000001,BRA
129,BRA,2008,10,20747.135400000003,BRA
130,BTN,2007,1,414.238152,BTN
131,BTN,2007,2,595.41852,BTN
132,BTN,2007,3,742.813263,BTN
133,BTN,2007,4,893.2027679999999,BTN
134,BTN,2007,5,1057.544335,BTN
135,BTN,2007,6,1262.2312700000002,BTN
136,BTN,2007,7,1514.9268,BTN
137,BTN,2007,8,1841.04999,BTN
138,BTN,2007,9,2384.29364,BTN
139,BTN,2007,10,4453.571870000001,BTN
140,CAF,2008,1,98.08653260000001,CAF
141,CAF,2008,2,172.338815,CAF
142,CAF,2008,3,244.82531600000002,CAF
143,CAF,2008,4,322.106439,CAF
144,CAF,2008,5,405.84724,CAF
145,CAF,2008,6,495.661311,CAF
146,CAF,2008,7,620.026114,CAF
147,CAF,2008,8,815.654268,CAF
148,CAF,2008,9,1186.45745,CAF
149,CAF,2008,10,3751.9955199999995,CAF
150,CAN,2008,1,4359.950981,CAN
151,CAN,2008,2,9972.032900000002,CAN
152,CAN,2008,3,13204.353100000002,CAN
153,CAN,2008,4,15914.8813,CAN
154,CAN,2008,5,18771.793599999997,CAN
155,CAN,2008,6,21973.4984,CAN
156,CAN,2008,7,25453.8359,CAN
157,CAN,2008,8,29945.738800000003,CAN
158,CAN,2008,9,36777.2041,CAN
159,CAN,2008,10,61023.1161,CAN
160,CHL,2009,1,1042.139624,CHL
161,CHL,2009,2,1843.16113,CHL
162,CHL,2009,3,2412.31626,CHL
163,CHL,2009,4,2973.6899099999996,CHL
164,CHL,2009,5,3618.93942,CHL
165,CHL,2009,6,4432.4648099999995,CHL
166,CHL,2009,7,5541.831620000001,CHL
167,CHL,2009,8,7231.70334,CHL
168,CHL,2009,9,10540.83995,CHL
169,CHL,2009,10,30879.0136,CHL
170,CHN,2007,1,347.9418068,CHN
171,CHN,2007,2,632.311246,CHN
172,CHN,2007,3,854.1192219999999,CHN
173,CHN,2007,4,1101.15835,CHN
174,CHN,2007,5,1431.0395600000002,CHN
175,CHN,2007,6,1898.5157599999998,CHN
176,CHN,2007,7,2536.37744,CHN
177,CHN,2007,8,3363.14228,CHN
178,CHN,2007,9,4585.516710000001,CHN
179,CHN,2007,10,8477.46489,CHN
180,CIV,2008,1,82.5808615,CIV
181,CIV,2008,2,140.79663440000002,CIV
182,CIV,2008,3,183.03992599999998,CIV
183,CIV,2008,4,223.315948,CIV
184,CIV,2008,5,268.314526,CIV
185,CIV,2008,6,322.12568100000004,CIV
186,CIV,2008,7,389.619844,CIV
187,CIV,2008,8,484.16327299999995,CIV
188,CIV,2008,9,639.1250210000001,CIV
189,CIV,2008,10,1265.270327,CIV
190,CMR,2007,1,518.070549,CMR
191,CMR,2007,2,691.7912929999999,CMR
192,CMR,2007,3,856.0928799999999,CMR
193,CMR,2007,4,1026.496849,CMR
194,CMR,2007,5,1219.5491699999998,CMR
195,CMR,2007,6,1452.41831,CMR
196,CMR,2007,7,1744.9431800000002,CMR
197,CMR,2007,8,2164.19104,CMR
198,CMR,2007,9,2828.3352499999996,CMR
199,CMR,2007,10,5443.051119999999,CMR
200,COL,2008,1,299.594296,COL
201,COL,2008,2,669.803925,COL
202,COL,2008,3,986.0084040000002,COL
203,COL,2008,4,1322.01992,COL
204,COL,2008,5,1710.166,COL
205,COL,2008,6,2203.00825,COL
206,COL,2008,7,2842.18321,COL
207,COL,2008,8,3803.2394499999996,COL
208,COL,2008,9,5588.628319999999,COL
209,COL,2008,10,16045.40098,COL
210,CRI,2008,1,868.4095229999999,CRI
211,CRI,2008,2,1551.4521,CRI
212,CRI,2008,3,2072.04276,CRI
213,CRI,2008,4,2561.64011,CRI
214,CRI,2008,5,3132.76383,CRI
215,CRI,2008,6,3851.5825299999997,CRI
216,CRI,2008,7,4891.3716699999995,CRI
217,CRI,2008,8,6341.33873,CRI
218,CRI,2008,9,9046.466409999999,CRI
219,CRI,2008,10,21486.797899999998,CRI
220,CYP,2008,1,6950.3169800000005,CYP
221,CYP,2008,2,9378.7988,CYP
222,CYP,2008,3,10986.1013,CYP
223,CYP,2008,4,12556.7327,CYP
224,CYP,2008,5,14298.43455,CYP
225,CYP,2008,6,16054.335000000001,CYP
226,CYP,2008,7,17785.153799999996,CYP
227,CYP,2008,8,20197.9747,CYP
228,CYP,2008,9,24013.883700000002,CYP
229,CYP,2008,10,41232.1431,CYP
230,CZE,2008,1,3284.08996,CZE
231,CZE,2008,2,4848.70892,CZE
232,CZE,2008,3,5708.108290000001,CZE
233,CZE,2008,4,6414.17025,CZE
234,CZE,2008,5,7036.21478,CZE
235,CZE,2008,6,7699.191359999999,CZE
236,CZE,2008,7,8515.5718,CZE
237,CZE,2008,8,9617.84565,CZE
238,CZE,2008,9,11376.826000000001,CZE
239,CZE,2008,10,17852.2071,CZE
240,DEU,2008,1,6009.18272,DEU
241,DEU,2008,2,9196.825,DEU
242,DEU,2008,3,11003.900800000001,DEU
243,DEU,2008,4,12745.947400000001,DEU
244,DEU,2008,5,14423.485200000001,DEU
245,DEU,2008,6,16254.1954,DEU
246,DEU,2008,7,18521.720400000002,DEU
247,DEU,2008,8,21441.9522,DEU
248,DEU,2008,9,26122.5764,DEU
249,DEU,2008,10,44897.395899999996,DEU
250,DNK,2008,1,6834.001509999999,DNK
251,DNK,2008,2,10087.242549999999,DNK
252,DNK,2008,3,11694.5726,DNK
253,DNK,2008,4,12961.1792,DNK
254,DNK,2008,5,14235.2696,DNK
255,DNK,2008,6,15682.784150000001,DNK
256,DNK,2008,7,17410.9804,DNK
257,DNK,2008,8,19891.434499999996,DNK
258,DNK,2008,9,23632.5197,DNK
259,DNK,2008,10,38001.4807,DNK
260,DOM,2008,1,539.253686,DOM
261,DOM,2008,2,933.5965110000001,DOM
262,DOM,2008,3,1262.66076,DOM
263,DOM,2008,4,1612.31844,DOM
264,DOM,2008,5,1979.8190600000003,DOM
265,DOM,2008,6,2478.30966,DOM
266,DOM,2008,7,3087.4139099999998,DOM
267,DOM,2008,8,4012.84672,DOM
268,DOM,2008,9,5523.95993,DOM
269,DOM,2008,10,14153.842369999998,DOM
270,ECU,2008,1,416.0357585,ECU
271,ECU,2008,2,841.8125389999999,ECU
272,ECU,2008,3,1164.676484,ECU
273,ECU,2008,4,1517.19662,ECU
274,ECU,2008,5,1881.5277500000004,ECU
275,ECU,2008,6,2343.63729,ECU
276,ECU,2008,7,2953.18939,ECU
277,ECU,2008,8,3816.6091700000006,ECU
278,ECU,2008,9,5467.187019999999,ECU
279,ECU,2008,10,13435.53799,ECU
280,EGY,2009,1,723.537008,EGY
281,EGY,2009,2,988.0531800000001,EGY
282,EGY,2009,3,1152.26674,EGY
283,EGY,2009,4,1303.05321,EGY
284,EGY,2009,5,1467.51669,EGY
285,EGY,2009,6,1650.0222299999998,EGY
286,EGY,2009,7,1881.71649,EGY
287,EGY,2009,8,2192.3918999999996,EGY
288,EGY,2009,9,2758.67436,EGY
289,EGY,2009,10,5578.5421799999995,EGY
290,ESP,2008,1,3627.5346659999996,ESP
291,ESP,2008,2,6210.646900000001,ESP
292,ESP,2008,3,7878.275279999999,ESP
293,ESP,2008,4,9341.69185,ESP
294,ESP,2008,5,10782.6002,ESP
295,ESP,2008,6,12388.4858,ESP
296,ESP,2008,7,14238.0816,ESP
297,ESP,2008,8,16458.8421,ESP
298,ESP,2008,9,19843.844,ESP
299,ESP,2008,10,30399.9267,ESP
300,EST,2008,1,2427.6865900000003,EST
301,EST,2008,2,3867.39444,EST
302,EST,2008,3,4760.2936899999995,EST
303,EST,2008,4,5434.6306700000005,EST
304,EST,2008,5,6191.093,EST
305,EST,2008,6,7018.8081999999995,EST
306,EST,2008,7,8125.85434,EST
307,EST,2008,8,9646.452500000001,EST
308,EST,2008,9,11659.152,EST
309,EST,2008,10,17889.2605,EST
310,FIN,2008,1,6190.2399,FIN
311,FIN,2008,2,8950.16185,FIN
312,FIN,2008,3,10608.3828,FIN
313,FIN,2008,4,11984.5448,FIN
314,FIN,2008,5,13437.0343,FIN
315,FIN,2008,6,15015.232,FIN
316,FIN,2008,7,16902.1629,FIN
317,FIN,2008,8,19364.2576,FIN
318,FIN,2008,9,23189.809499999996,FIN
319,FIN,2008,10,37421.4793,FIN
320,FJI,2008,1,514.1005389999999,FJI
321,FJI,2008,2,765.60769,FJI
322,FJI,2008,3,965.018074,FJI
323,FJI,2008,4,1155.6848400000001,FJI
324,FJI,2008,5,1343.97489,FJI
325,FJI,2008,6,1565.9172800000001,FJI
326,FJI,2008,7,1866.00948,FJI
327,FJI,2008,8,2356.58719,FJI
328,FJI,2008,9,3158.56004,FJI
329,FJI,2008,10,7295.8488,FJI
330,FRA,2008,1,5796.92507,FRA
331,FRA,2008,2,8603.50073,FRA
332,FRA,2008,3,10662.477499999999,FRA
333,FRA,2008,4,12400.2435,FRA
334,FRA,2008,5,14116.73695,FRA
335,FRA,2008,6,16151.113800000001,FRA
336,FRA,2008,7,18489.5029,FRA
337,FRA,2008,8,21622.404300000002,FRA
338,FRA,2008,9,26614.508499999996,FRA
339,FRA,2008,10,48636.6622,FRA
340,GBR,2008,1,5980.8128,GBR
341,GBR,2008,2,9715.059000000001,GBR
342,GBR,2008,3,12373.396499999999,GBR
343,GBR,2008,4,14504.860499999999,GBR
344,GBR,2008,5,16786.758299999998,GBR
345,GBR,2008,6,19275.9056,GBR
346,GBR,2008,7,22191.7451,GBR
347,GBR,2008,8,26209.0594,GBR
348,GBR,2008,9,32448.4489,GBR
349,GBR,2008,10,57609.998600000006,GBR
350,GEO,2008,1,272.4115836,GEO
351,GEO,2008,2,494.003974,GEO
352,GEO,2008,3,657.1159899999999,GEO
353,GEO,2008,4,818.148363,GEO
354,GEO,2008,5,988.5271640000001,GEO
355,GEO,2008,6,1171.5603899999999,GEO
356,GEO,2008,7,1393.64636,GEO
357,GEO,2008,8,1704.1436,GEO
358,GEO,2008,9,2210.7093299999997,GEO
359,GEO,2008,10,3927.3193100000003,GEO
360,GHA,2006,1,140.3242763,GHA
361,GHA,2006,2,245.79504799999995,GHA
362,GHA,2006,3,323.440427,GHA
363,GHA,2006,4,405.130537,GHA
364,GHA,2006,5,491.356084,GHA
365,GHA,2006,6,585.938747,GHA
366,GHA,2006,7,711.4819390000001,GHA
367,GHA,2006,8,883.001678,GHA
368,GHA,2006,9,1170.099505,GHA
369,GHA,2006,10,2409.45705,GHA
370,GIN,2007,1,167.143233,GIN
371,GIN,2007,2,261.968771,GIN
372,GIN,2007,3,335.19251299999996,GIN
373,GIN,2007,4,403.648685,GIN
374,GIN,2007,5,473.62507000000005,GIN
375,GIN,2007,6,556.9491639999999,GIN
376,GIN,2007,7,680.246187,GIN
377,GIN,2007,8,849.0028599999999,GIN
378,GIN,2007,9,1130.99082,GIN
379,GIN,2007,10,2101.35283,GIN
380,GRC,2008,1,3211.064794,GRC
381,GRC,2008,2,5212.59085,GRC
382,GRC,2008,3,6620.02723,GRC
383,GRC,2008,4,8015.8276,GRC
384,GRC,2008,5,9471.671900000001,GRC
385,GRC,2008,6,10796.672,GRC
386,GRC,2008,7,12255.3265,GRC
387,GRC,2008,8,14447.0304,GRC
388,GRC,2008,9,17672.4144,GRC
389,GRC,2008,10,29570.1172,GRC
390,GTM,2011,1,214.8038931,GTM
391,GTM,2011,2,450.26555900000005,GTM
392,GTM,2011,3,635.404814,GTM
393,GTM,2011,4,820.7656939999999,GTM
394,GTM,2011,5,1039.043295,GTM
395,GTM,2011,6,1308.3689800000002,GTM
396,GTM,2011,7,1659.38232,GTM
397,GTM,2011,8,2208.46081,GTM
398,GTM,2011,9,3167.9818299999997,GTM
399,GTM,2011,10,9920.270330000001,GTM
400,HND,2008,1,210.32737630000003,HND
401,HND,2008,2,471.3168360000001,HND
402,HND,2008,3,742.0713820000001,HND
403,HND,2008,4,1059.67592,HND
404,HND,2008,5,1443.2935599999998,HND
405,HND,2008,6,1939.1845100000003,HND
406,HND,2008,7,2613.3847199999996,HND
407,HND,2008,8,3603.02298,HND
408,HND,2008,9,5357.88111,HND
409,HND,2008,10,15522.5258,HND
410,HRV,2008,1,2663.08304,HRV
411,HRV,2008,2,3885.49931,HRV
412,HRV,2008,3,4682.576800000001,HRV
413,HRV,2008,4,5444.4885699999995,HRV
414,HRV,2008,5,6181.45707,HRV
415,HRV,2008,6,6985.63088,HRV
416,HRV,2008,7,8008.494780000001,HRV
417,HRV,2008,8,9219.987599999999,HRV
418,HRV,2008,9,11179.18385,HRV
419,HRV,2008,10,18914.256,HRV
420,HUN,2008,1,2216.27596,HUN
421,HUN,2008,2,3229.56536,HUN
422,HUN,2008,3,3933.0149599999995,HUN
423,HUN,2008,4,4577.0853,HUN
424,HUN,2008,5,5167.049799999999,HUN
425,HUN,2008,6,5770.89406,HUN
426,HUN,2008,7,6504.120900000001,HUN
427,HUN,2008,8,7392.75367,HUN
428,HUN,2008,9,8712.765080000001,HUN
429,HUN,2008,10,13509.887200000001,HUN
430,IDN,2009,1,442.28172699999993,IDN
431,IDN,2009,2,587.5482039999999,IDN
432,IDN,2009,3,697.350054,IDN
433,IDN,2009,4,805.894328,IDN
434,IDN,2009,5,923.986717,IDN
435,IDN,2009,6,1064.3902240000002,IDN
436,IDN,2009,7,1243.61915,IDN
437,IDN,2009,8,1502.8785899999998,IDN
438,IDN,2009,9,1946.00127,IDN
439,IDN,2009,10,4132.23271,IDN
440,IND,2007,1,353.5539729999999,IND
441,IND,2007,2,460.118697,IND
442,IND,2007,3,531.916551,IND
443,IND,2007,4,598.1972400000001,IND
444,IND,2007,5,669.8325600000001,IND
445,IND,2007,6,753.350792,IND
446,IND,2007,7,865.938826,IND
447,IND,2007,8,1032.603219,IND
448,IND,2007,9,1338.0232099999998,IND
449,IND,2007,10,2639.15952,IND
450,IRL,2008,1,6094.30853,IRL
451,IRL,2008,2,8922.69335,IRL
452,IRL,2008,3,10726.7518,IRL
453,IRL,2008,4,12442.5213,IRL
454,IRL,2008,5,14081.3332,IRL
455,IRL,2008,6,15936.037000000002,IRL
456,IRL,2008,7,18330.9966,IRL
457,IRL,2008,8,21675.6982,IRL
458,IRL,2008,9,26103.254999999997,IRL
459,IRL,2008,10,42793.7634,IRL
460,IRN,2008,1,1060.352717,IRN
461,IRN,2008,2,1824.77825,IRN
462,IRN,2008,3,2468.73342,IRN
463,IRN,2008,4,3150.89931,IRN
464,IRN,2008,5,3875.5114700000004,IRN
465,IRN,2008,6,4690.6692,IRN
466,IRN,2008,7,5681.956230000001,IRN
467,IRN,2008,8,7086.004060000001,IRN
468,IRN,2008,9,9369.2226,IRN
469,IRN,2008,10,19118.42775,IRN
470,IRQ,2008,1,468.4320379999999,IRQ
471,IRQ,2008,2,751.655771,IRQ
472,IRQ,2008,3,931.004069,IRQ
473,IRQ,2008,4,1094.6781159999998,IRQ
474,IRQ,2008,5,1262.5360699999997,IRQ
475,IRQ,2008,6,1448.72393,IRQ
476,IRQ,2008,7,1683.99693,IRQ
477,IRQ,2008,8,1992.1279000000002,IRQ
478,IRQ,2008,9,2462.86212,IRQ
479,IRQ,2008,10,4959.10649,IRQ
480,ISL,2008,1,10503.60073,ISL
481,ISL,2008,2,14808.81555,ISL
482,ISL,2008,3,17447.173300000002,ISL
483,ISL,2008,4,19631.4816,ISL
484,ISL,2008,5,21675.917199999996,ISL
485,ISL,2008,6,23954.867,ISL
486,ISL,2008,7,27013.2312,ISL
487,ISL,2008,8,30890.974600000005,ISL
488,ISL,2008,9,37214.8852,ISL
489,ISL,2008,10,65744.1688,ISL
490,ISR,2008,1,1754.8612090000001,ISR
491,ISR,2008,2,3371.0451000000003,ISR
492,ISR,2008,3,4790.46688,ISR
493,ISR,2008,4,6300.8840199999995,ISR
494,ISR,2008,5,7842.246660000002,ISR
495,ISR,2008,6,9605.0109,ISR
496,ISR,2008,7,11729.050599999999,ISR
497,ISR,2008,8,14434.5093,ISR
498,ISR,2008,9,18546.529000000002,ISR
499,ISR,2008,10,32628.5777,ISR
500,ITA,2008,1,4186.4037,ITA
501,ITA,2008,2,6956.3151100000005,ITA
502,ITA,2008,3,8713.426159999999,ITA
503,ITA,2008,4,10430.812249999999,ITA
504,ITA,2008,5,12034.6769,ITA
505,ITA,2008,6,13854.3562,ITA
506,ITA,2008,7,15928.0228,ITA
507,ITA,2008,8,18577.3415,ITA
508,ITA,2008,9,22469.4843,ITA
509,ITA,2008,10,36101.3103,ITA
510,JOR,2008,1,1031.397647,JOR
511,JOR,2008,2,1420.21408,JOR
512,JOR,2008,3,1703.94725,JOR
513,JOR,2008,4,1974.9189299999998,JOR
514,JOR,2008,5,2264.30789,JOR
515,JOR,2008,6,2576.13863,JOR
516,JOR,2008,7,2979.81608,JOR
517,JOR,2008,8,3581.5622900000003,JOR
518,JOR,2008,9,4676.80497,JOR
519,JOR,2008,10,8277.20199,JOR
520,JPN,2008,1,4674.70981,JPN
521,JPN,2008,2,8171.61073,JPN
522,JPN,2008,3,10300.643499999998,JPN
523,JPN,2008,4,12147.023700000002,JPN
524,JPN,2008,5,14079.984400000001,JPN
525,JPN,2008,6,16097.363500000001,JPN
526,JPN,2008,7,18340.456400000003,JPN
527,JPN,2008,8,21254.024699999998,JPN
528,JPN,2008,9,26048.2668,JPN
529,JPN,2008,10,43215.5283,JPN
530,KAZ,2008,1,936.2835600000001,KAZ
531,KAZ,2008,2,1261.34456,KAZ
532,KAZ,2008,3,1452.0060300000002,KAZ
533,KAZ,2008,4,1640.43916,KAZ
534,KAZ,2008,5,1832.4100600000002,KAZ
535,KAZ,2008,6,2051.32696,KAZ
536,KAZ,2008,7,2327.7032000000004,KAZ
537,KAZ,2008,8,2671.72597,KAZ
538,KAZ,2008,9,3228.654,KAZ
539,KAZ,2008,10,4989.6044999999995,KAZ
540,KEN,2007,1,169.389581,KEN
541,KEN,2007,2,251.24142799999998,KEN
542,KEN,2007,3,315.433793,KEN
543,KEN,2007,4,369.647916,KEN
544,KEN,2007,5,420.829162,KEN
545,KEN,2007,6,484.675126,KEN
546,KEN,2007,7,554.0062810000001,KEN
547,KEN,2007,8,650.745518,KEN
548,KEN,2007,9,784.625806,KEN
549,KEN,2007,10,1192.605709,KEN
550,KGZ,2008,1,477.31017499999996,KGZ
551,KGZ,2008,2,754.209873,KGZ
552,KGZ,2008,3,959.506271,KGZ
553,KGZ,2008,4,1147.9305499999998,KGZ
554,KGZ,2008,5,1354.91686,KGZ
555,KGZ,2008,6,1582.2204900000002,KGZ
556,KGZ,2008,7,1862.0320099999997,KGZ
557,KGZ,2008,8,2207.5937,KGZ
558,KGZ,2008,9,2751.43192,KGZ
559,KGZ,2008,10,4635.04032,KGZ
560,KHM,2008,1,535.135931,KHM
561,KHM,2008,2,731.62592,KHM
562,KHM,2008,3,882.4569359999999,KHM
563,KHM,2008,4,1006.96489,KHM
564,KHM,2008,5,1151.5082900000002,KHM
565,KHM,2008,6,1301.2161999999998,KHM
566,KHM,2008,7,1493.2109799999998,KHM
567,KHM,2008,8,1775.14561,KHM
568,KHM,2008,9,2208.6248299999997,KHM
569,KHM,2008,10,3777.5128799999998,KHM
570,KOR,2008,1,2987.6097532000003,KOR
571,KOR,2008,2,6402.702859999999,KOR
572,KOR,2008,3,8396.52634,KOR
573,KOR,2008,4,10212.616399999999,KOR
574,KOR,2008,5,11953.8514,KOR
575,KOR,2008,6,13808.8468,KOR
576,KOR,2008,7,16039.382000000001,KOR
577,KOR,2008,8,19044.4921,KOR
578,KOR,2008,9,23767.0411,KOR
579,KOR,2008,10,39662.6257,KOR
580,LAO,2007,1,330.591472,LAO
581,LAO,2007,2,464.218004,LAO
582,LAO,2007,3,551.063158,LAO
583,LAO,2007,4,633.315458,LAO
584,LAO,2007,5,718.9966929999999,LAO
585,LAO,2007,6,822.557013,LAO
586,LAO,2007,7,952.203571,LAO
587,LAO,2007,8,1148.83025,LAO
588,LAO,2007,9,1472.84378,LAO
589,LAO,2007,10,2939.4541299999996,LAO
590,LBR,2007,1,142.60748180000002,LBR
591,LBR,2007,2,253.52574800000002,LBR
592,LBR,2007,3,322.26176799999996,LBR
593,LBR,2007,4,380.310469,LBR
594,LBR,2007,5,445.000483,LBR
595,LBR,2007,6,516.1311760000001,LBR
596,LBR,2007,7,597.642438,LBR
597,LBR,2007,8,715.5035540000001,LBR
598,LBR,2007,9,902.8918,LBR
599,LBR,2007,10,1874.1980500000002,LBR
600,LKA,2007,1,544.5759719999999,LKA
601,LKA,2007,2,749.882919,LKA
602,LKA,2007,3,908.123554,LKA
603,LKA,2007,4,1066.169924,LKA
604,LKA,2007,5,1233.58887,LKA
605,LKA,2007,6,1440.0319399999998,LKA
606,LKA,2007,7,1722.62834,LKA
607,LKA,2007,8,2127.26697,LKA
608,LKA,2007,9,2831.0806700000003,LKA
609,LKA,2007,10,6156.05328,LKA
610,LTU,2008,1,1760.5465200000003,LTU
611,LTU,2008,2,2995.2711900000004,LTU
612,LTU,2008,3,3869.3886700000003,LTU
613,LTU,2008,4,4557.984600000001,LTU
614,LTU,2008,5,5102.938494999999,LTU
615,LTU,2008,6,5909.7125,LTU
616,LTU,2008,7,6863.97375,LTU
617,LTU,2008,8,8005.004619999998,LTU
618,LTU,2008,9,9919.8522,LTU
619,LTU,2008,10,17251.8931,LTU
620,LUX,2008,1,9016.056659999998,LUX
621,LUX,2008,2,13020.188349999999,LUX
622,LUX,2008,3,15609.3943,LUX
623,LUX,2008,4,18021.6708,LUX
624,LUX,2008,5,20611.6072,LUX
625,LUX,2008,6,23297.9824,LUX
626,LUX,2008,7,25895.862,LUX
627,LUX,2008,8,30289.761900000005,LUX
628,LUX,2008,9,36240.9343,LUX
629,LUX,2008,10,60172.168900000004,LUX
630,LVA,2008,1,1623.4494849999999,LVA
631,LVA,2008,2,2748.7954299999997,LVA
632,LVA,2008,3,3546.3105299999997,LVA
633,LVA,2008,4,4254.91068,LVA
634,LVA,2008,5,5119.79736,LVA
635,LVA,2008,6,5970.38313,LVA
636,LVA,2008,7,7063.24689,LVA
637,LVA,2008,8,8224.179799999998,LVA
638,LVA,2008,9,10446.0612,LVA
639,LVA,2008,10,18647.611200000003,LVA
640,MAR,2007,1,616.284137,MAR
641,MAR,2007,2,911.932172,MAR
642,MAR,2007,3,1123.29592,MAR
643,MAR,2007,4,1329.40906,MAR
644,MAR,2007,5,1556.3511999999998,MAR
645,MAR,2007,6,1819.5046599999998,MAR
646,MAR,2007,7,2148.8981599999997,MAR
647,MAR,2007,8,2632.7628799999998,MAR
648,MAR,2007,9,3491.51958,MAR
649,MAR,2007,10,7746.048239999999,MAR
650,MDA,2008,1,695.725374,MDA
651,MDA,2008,2,1025.518485,MDA
652,MDA,2008,3,1273.7490500000001,MDA
653,MDA,2008,4,1478.58051,MDA
654,MDA,2008,5,1697.3301,MDA
655,MDA,2008,6,1944.81319,MDA
656,MDA,2008,7,2253.36978,MDA
657,MDA,2008,8,2663.4494000000004,MDA
658,MDA,2008,9,3284.8738,MDA
659,MDA,2008,10,5174.3043,MDA
660,MDG,2010,1,70.3363868,MDG
661,MDG,2010,2,115.08779650000001,MDG
662,MDG,2010,3,148.958246,MDG
663,MDG,2010,4,182.889841,MDG
664,MDG,2010,5,220.139943,MDG
665,MDG,2010,6,262.58035700000005,MDG
666,MDG,2010,7,317.99493199999995,MDG
667,MDG,2010,8,399.32649000000004,MDG
668,MDG,2010,9,542.051497,MDG
669,MDG,2010,10,1193.005247,MDG
670,MEX,2008,1,436.8230034,MEX
671,MEX,2008,2,974.702842,MEX
672,MEX,2008,3,1382.27082,MEX
673,MEX,2008,4,1766.5878800000003,MEX
674,MEX,2008,5,2197.28607,MEX
675,MEX,2008,6,2728.1003400000004,MEX
676,MEX,2008,7,3400.1405,MEX
677,MEX,2008,8,4402.58451,MEX
678,MEX,2008,9,6210.927860000001,MEX
679,MEX,2008,10,15358.878939999999,MEX
680,MKD,2008,1,1078.060243,MKD
681,MKD,2008,2,1690.55013,MKD
682,MKD,2008,3,2166.5936,MKD
683,MKD,2008,4,2619.0174500000003,MKD
684,MKD,2008,5,3144.6578099999997,MKD
685,MKD,2008,6,3791.3740300000004,MKD
686,MKD,2008,7,4653.418909999999,MKD
687,MKD,2008,8,5782.66966,MKD
688,MKD,2008,9,7517.34914,MKD
689,MKD,2008,10,13550.27225,MKD
690,MLI,2010,1,226.51187640000003,MLI
691,MLI,2010,2,316.78600900000004,MLI
692,MLI,2010,3,379.218791,MLI
693,MLI,2010,4,443.198063,MLI
694,MLI,2010,5,509.11200799999995,MLI
695,MLI,2010,6,591.0044009999999,MLI
696,MLI,2010,7,696.5730940000001,MLI
697,MLI,2010,8,835.7043729999999,MLI
698,MLI,2010,9,1063.8467300000002,MLI
699,MLI,2010,10,1748.7950400000002,MLI
700,MNE,2008,1,2367.14225,MNE
701,MNE,2008,2,3369.74997,MNE
702,MNE,2008,3,4086.5299400000004,MNE
703,MNE,2008,4,4694.24067,MNE
704,MNE,2008,5,5361.3584900000005,MNE
705,MNE,2008,6,5996.75651,MNE
706,MNE,2008,7,6815.341920000001,MNE
707,MNE,2008,8,7826.857400000001,MNE
708,MNE,2008,9,9552.9929,MNE
709,MNE,2008,10,15408.0212,MNE
710,MNG,2007,1,707.140619,MNG
711,MNG,2007,2,993.065688,MNG
712,MNG,2007,3,1215.2020100000002,MNG
713,MNG,2007,4,1443.2135199999998,MNG
714,MNG,2007,5,1699.38779,MNG
715,MNG,2007,6,1989.71229,MNG
716,MNG,2007,7,2343.69256,MNG
717,MNG,2007,8,2838.53839,MNG
718,MNG,2007,9,3660.4796,MNG
719,MNG,2007,10,6490.441769999999,MNG
720,MOZ,2008,1,134.397528,MOZ
721,MOZ,2008,2,226.65828899999997,MOZ
722,MOZ,2008,3,293.058514,MOZ
723,MOZ,2008,4,361.459552,MOZ
724,MOZ,2008,5,433.900979,MOZ
725,MOZ,2008,6,515.7095340000001,MOZ
726,MOZ,2008,7,623.3469660000001,MOZ
727,MOZ,2008,8,768.3630479999999,MOZ
728,MOZ,2008,9,1012.2117859999998,MOZ
729,MOZ,2008,10,2555.6988100000003,MOZ
730,MRT,2008,1,425.518273,MRT
731,MRT,2008,2,657.93239,MRT
732,MRT,2008,3,838.9707340000001,MRT
733,MRT,2008,4,1042.623347,MRT
734,MRT,2008,5,1241.5440099999998,MRT
735,MRT,2008,6,1467.09994,MRT
736,MRT,2008,7,1725.94189,MRT
737,MRT,2008,8,2114.60599,MRT
738,MRT,2008,9,2792.85993,MRT
739,MRT,2008,10,5678.9943299999995,MRT
740,MWI,2010,1,202.65603500000003,MWI
741,MWI,2010,2,305.30857,MWI
742,MWI,2010,3,389.49784999999997,MWI
743,MWI,2010,4,469.9722930000001,MWI
744,MWI,2010,5,561.056335,MWI
745,MWI,2010,6,671.717896,MWI
746,MWI,2010,7,815.428047,MWI
747,MWI,2010,8,1019.2246180000002,MWI
748,MWI,2010,9,1367.463,MWI
749,MWI,2010,10,3340.32938,MWI
750,MYS,2009,1,1031.38402,MYS
751,MYS,2009,2,1658.66695,MYS
752,MYS,2009,3,2246.5228,MYS
753,MYS,2009,4,2869.2765,MYS
754,MYS,2009,5,3604.43323,MYS
755,MYS,2009,6,4508.5727099999995,MYS
756,MYS,2009,7,5678.74096,MYS
757,MYS,2009,8,7282.620319999999,MYS
758,MYS,2009,9,10044.0651,MYS
759,MYS,2009,10,21139.141,MYS
760,NER,2007,1,209.62933800000002,NER
761,NER,2007,2,291.262969,NER
762,NER,2007,3,343.66101100000003,NER
763,NER,2007,4,395.732476,NER
764,NER,2007,5,446.97855500000003,NER
765,NER,2007,6,513.7891379999999,NER
766,NER,2007,7,604.307409,NER
767,NER,2007,8,723.133226,NER
768,NER,2007,9,930.36446,NER
769,NER,2007,10,2042.43495,NER
770,NGA,2010,1,119.60002010000001,NGA
771,NGA,2010,2,203.022894,NGA
772,NGA,2010,3,270.788421,NGA
773,NGA,2010,4,340.50897,NGA
774,NGA,2010,5,418.073663,NGA
775,NGA,2010,6,514.298982,NGA
776,NGA,2010,7,631.525517,NGA
777,NGA,2010,8,798.6355180000002,NGA
778,NGA,2010,9,1100.6978439999998,NGA
779,NGA,2010,10,2521.4018,NGA
780,NIC,2009,1,274.3868863,NIC
781,NIC,2009,2,646.1134359999999,NIC
782,NIC,2009,3,945.615408,NIC
783,NIC,2009,4,1223.80874,NIC
784,NIC,2009,5,1551.5693400000002,NIC
785,NIC,2009,6,1918.0867600000001,NIC
786,NIC,2009,7,2375.34548,NIC
787,NIC,2009,8,2993.33149,NIC
788,NIC,2009,9,4083.47182,NIC
789,NIC,2009,10,9181.60326,NIC
790,NLD,2008,1,6468.461509999999,NLD
791,NLD,2008,2,9665.689750000001,NLD
792,NLD,2008,3,11358.999699999998,NLD
793,NLD,2008,4,12822.9655,NLD
794,NLD,2008,5,14351.23315,NLD
795,NLD,2008,6,16083.4767,NLD
796,NLD,2008,7,17973.9012,NLD
797,NLD,2008,8,20806.007399999995,NLD
798,NLD,2008,9,25424.779599999998,NLD
799,NLD,2008,10,42330.897000000004,NLD
800,NOR,2008,1,8760.65055,NOR
801,NOR,2008,2,13195.41595,NOR
802,NOR,2008,3,15205.795900000001,NOR
803,NOR,2008,4,16876.787,NOR
804,NOR,2008,5,18647.2219,NOR
805,NOR,2008,6,20813.3353,NOR
806,NOR,2008,7,23273.525199999996,NOR
807,NOR,2008,8,26791.3891,NOR
808,NOR,2008,9,31590.623499999998,NOR
809,NOR,2008,10,49679.0058,NOR
810,NPL,2010,1,320.377914,NPL
811,NPL,2010,2,440.48202899999995,NPL
812,NPL,2010,3,513.264449,NPL
813,NPL,2010,4,594.663787,NPL
814,NPL,2010,5,690.923899,NPL
815,NPL,2010,6,790.263506,NPL
816,NPL,2010,7,914.578565,NPL
817,NPL,2010,8,1082.53537,NPL
818,NPL,2010,9,1380.3716,NPL
819,NPL,2010,10,2416.45539,NPL
820,PAK,2008,1,375.27288999999996,PAK
821,PAK,2008,2,474.918121,PAK
822,PAK,2008,3,545.686954,PAK
823,PAK,2008,4,611.19641,PAK
824,PAK,2008,5,680.587348,PAK
825,PAK,2008,6,763.597742,PAK
826,PAK,2008,7,864.336825,PAK
827,PAK,2008,8,1005.613951,PAK
828,PAK,2008,9,1256.46219,PAK
829,PAK,2008,10,2300.7203600000003,PAK
830,PAN,2009,1,556.899394,PAN
831,PAN,2009,2,1080.760297,PAN
832,PAN,2009,3,1565.69234,PAN
833,PAN,2009,4,2125.89316,PAN
834,PAN,2009,5,2715.5032199999996,PAN
835,PAN,2009,6,3459.1992999999993,PAN
836,PAN,2009,7,4433.74053,PAN
837,PAN,2009,8,5872.818509999999,PAN
838,PAN,2009,9,8511.645410000001,PAN
839,PAN,2009,10,21029.2416,PAN
840,PER,2008,1,454.2512640000001,PER
841,PER,2008,2,852.2941430000001,PER
842,PER,2008,3,1225.52125,PER
843,PER,2008,4,1606.82951,PER
844,PER,2008,5,2034.68597,PER
845,PER,2008,6,2534.6626399999996,PER
846,PER,2008,7,3174.0770199999997,PER
847,PER,2008,8,4020.6522300000006,PER
848,PER,2008,9,5386.97733,PER
849,PER,2008,10,12015.382130000002,PER
850,PHL,2006,1,338.907222,PHL
851,PHL,2006,2,483.866126,PHL
852,PHL,2006,3,606.916263,PHL
853,PHL,2006,4,739.083004,PHL
854,PHL,2006,5,898.820764,PHL
855,PHL,2006,6,1104.74604,PHL
856,PHL,2006,7,1381.87235,PHL
857,PHL,2006,8,1770.4180700000002,PHL
858,PHL,2006,9,2438.4195200000004,PHL
859,PHL,2006,10,4977.579200000001,PHL
860,POL,2008,1,1667.76186,POL
861,POL,2008,2,2589.84829,POL
862,POL,2008,3,3288.5273800000004,POL
863,POL,2008,4,3901.8822400000004,POL
864,POL,2008,5,4497.686950000001,POL
865,POL,2008,6,5179.13797,POL
866,POL,2008,7,5967.057330000001,POL
867,POL,2008,8,7009.70183,POL
868,POL,2008,9,8635.5368,POL
869,POL,2008,10,14680.061599999997,POL
870,PRT,2008,1,2703.7648199999994,PRT
871,PRT,2008,2,4246.03064,PRT
872,PRT,2008,3,5424.48211,PRT
873,PRT,2008,4,6475.89633,PRT
874,PRT,2008,5,7416.31028,PRT
875,PRT,2008,6,8586.92438,PRT
876,PRT,2008,7,9993.3796,PRT
877,PRT,2008,8,12024.9326,PRT
878,PRT,2008,9,15500.602000000003,PRT
879,PRT,2008,10,28614.4309,PRT
880,PRY,2008,1,397.933147,PRY
881,PRY,2008,2,756.4005870000001,PRY
882,PRY,2008,3,1078.53418,PRY
883,PRY,2008,4,1402.7680299999997,PRY
884,PRY,2008,5,1769.31037,PRY
885,PRY,2008,6,2219.705360000001,PRY
886,PRY,2008,7,2805.6442899999997,PRY
887,PRY,2008,8,3655.23514,PRY
888,PRY,2008,9,5165.60924,PRY
889,PRY,2008,10,13529.669310000001,PRY
890,ROU,2008,1,625.268324,ROU
891,ROU,2008,2,1221.110084,ROU
892,ROU,2008,3,1633.60612,ROU
893,ROU,2008,4,2097.5612600000004,ROU
894,ROU,2008,5,2545.3932999999997,ROU
895,ROU,2008,6,3007.41434,ROU
896,ROU,2008,7,3560.7967799999997,ROU
897,ROU,2008,8,4238.2728799999995,ROU
898,ROU,2008,9,5282.51932,ROU
899,ROU,2008,10,8971.429479999999,ROU
900,RUS,2008,1,1730.7025,RUS
901,RUS,2008,2,2614.5281299999997,RUS
902,RUS,2008,3,3277.40228,RUS
903,RUS,2008,4,3949.35277,RUS
904,RUS,2008,5,4678.5689,RUS
905,RUS,2008,6,5548.95874,RUS
906,RUS,2008,7,6631.20458,RUS
907,RUS,2008,8,8318.67559,RUS
908,RUS,2008,9,11358.0998,RUS
909,RUS,2008,10,23460.213799999998,RUS
910,SDN,2009,1,296.094983,SDN
911,SDN,2009,2,468.15140500000007,SDN
912,SDN,2009,3,582.7484430000001,SDN
913,SDN,2009,4,702.507502,SDN
914,SDN,2009,5,827.1101649999998,SDN
915,SDN,2009,6,965.2859219999998,SDN
916,SDN,2009,7,1134.95191,SDN
917,SDN,2009,8,1361.84584,SDN
918,SDN,2009,9,1700.5450100000003,SDN
919,SDN,2009,10,2814.2294100000004,SDN
920,SLV,2008,1,442.12767700000006,SLV
921,SLV,2008,2,800.0369979999999,SLV
922,SLV,2008,3,1090.505747,SLV
923,SLV,2008,4,1389.85062,SLV
924,SLV,2008,5,1702.4992300000001,SLV
925,SLV,2008,6,2091.42301,SLV
926,SLV,2008,7,2608.94538,SLV
927,SLV,2008,8,3345.31561,SLV
928,SLV,2008,9,4699.36389,SLV
929,SLV,2008,10,10382.179930000002,SLV
930,SRB,2008,1,1860.565366,SRB
931,SRB,2008,2,2618.3722100000005,SRB
932,SRB,2008,3,3114.84426,SRB
933,SRB,2008,4,3575.6376899999996,SRB
934,SRB,2008,5,4016.6072,SRB
935,SRB,2008,6,4531.547009999999,SRB
936,SRB,2008,7,5151.8209400000005,SRB
937,SRB,2008,8,5930.090329999999,SRB
938,SRB,2008,9,7204.6883100000005,SRB
939,SRB,2008,10,10793.3352,SRB
940,SVK,2008,1,2160.666344,SVK
941,SVK,2008,2,3510.23425,SVK
942,SVK,2008,3,4286.900680000001,SVK
943,SVK,2008,4,4870.72327,SVK
944,SVK,2008,5,5439.9367,SVK
945,SVK,2008,6,5955.69589,SVK
946,SVK,2008,7,6550.696610000001,SVK
947,SVK,2008,8,7304.76115,SVK
948,SVK,2008,9,8499.240300000001,SVK
949,SVK,2008,10,12386.94375,SVK
950,SVN,2008,1,5235.42537,SVN
951,SVN,2008,2,7380.17583,SVN
952,SVN,2008,3,8578.08525,SVN
953,SVN,2008,4,9602.7672,SVN
954,SVN,2008,5,10582.687399999999,SVN
955,SVN,2008,6,11698.3333,SVN
956,SVN,2008,7,12871.7585,SVN
957,SVN,2008,8,14448.8077,SVN
958,SVN,2008,9,16768.0331,SVN
959,SVN,2008,10,23894.0011,SVN
960,SWE,2008,1,6142.612319999999,SWE
961,SWE,2008,2,9278.3992,SWE
962,SWE,2008,3,11062.7985,SWE
963,SWE,2008,4,12532.34715,SWE
964,SWE,2008,5,13908.893300000002,SWE
965,SWE,2008,6,15284.928699999999,SWE
966,SWE,2008,7,17065.4115,SWE
967,SWE,2008,8,19564.7278,SWE
968,SWE,2008,9,23166.0897,SWE
969,SWE,2008,10,33836.018899999995,SWE
970,SWZ,2009,1,88.96652019999999,SWZ
971,SWZ,2009,2,157.361013,SWZ
972,SWZ,2009,3,207.154621,SWZ
973,SWZ,2009,4,252.98744500000004,SWZ
974,SWZ,2009,5,314.28890800000005,SWZ
975,SWZ,2009,6,396.270945,SWZ
976,SWZ,2009,7,498.893449,SWZ
977,SWZ,2009,8,648.626734,SWZ
978,SWZ,2009,9,889.34603,SWZ
979,SWZ,2009,10,1848.94261,SWZ
980,SYR,2004,1,219.56223300000002,SYR
981,SYR,2004,2,304.914903,SYR
982,SYR,2004,3,365.96074400000003,SYR
983,SYR,2004,4,426.764595,SYR
984,SYR,2004,5,490.711991,SYR
985,SYR,2004,6,564.811878,SYR
986,SYR,2004,7,662.6989799999999,SYR
987,SYR,2004,8,801.884245,SYR
988,SYR,2004,9,1053.43333,SYR
989,SYR,2004,10,1967.43205,SYR
990,THA,2006,1,464.54797700000006,THA
991,THA,2006,2,721.131825,THA
992,THA,2006,3,949.855073,THA
993,THA,2006,4,1215.67311,THA
994,THA,2006,5,1543.8494699999999,THA
995,THA,2006,6,1946.54021,THA
996,THA,2006,7,2498.0235399999997,THA
997,THA,2006,8,3320.01993,THA
998,THA,2006,9,4765.040730000001,THA
999,THA,2006,10,10012.44454,THA
1000,TJK,2009,1,702.580616,TJK
1001,TJK,2009,2,1029.952154,TJK
1002,TJK,2009,3,1222.3445900000002,TJK
1003,TJK,2009,4,1428.5574800000002,TJK
1004,TJK,2009,5,1649.8855800000001,TJK
1005,TJK,2009,6,1886.67301,TJK
1006,TJK,2009,7,2154.36965,TJK
1007,TJK,2009,8,2529.6765299999997,TJK
1008,TJK,2009,9,3152.7722599999997,TJK
1009,TJK,2009,10,4941.71037,TJK
1010,TLS,2007,1,282.48742400000003,TLS
1011,TLS,2007,2,367.357192,TLS
1012,TLS,2007,3,427.64438600000005,TLS
1013,TLS,2007,4,483.2046439999999,TLS
1014,TLS,2007,5,544.507358,TLS
1015,TLS,2007,6,619.5988770000001,TLS
1016,TLS,2007,7,709.414439,TLS
1017,TLS,2007,8,833.7673259999999,TLS
1018,TLS,2007,9,1040.55456,TLS
1019,TLS,2007,10,1967.56774,TLS
1020,TUR,2008,1,1051.60295,TUR
1021,TUR,2008,2,1917.3623899999998,TUR
1022,TUR,2008,3,2630.8267100000003,TUR
1023,TUR,2008,4,3390.58832,TUR
1024,TUR,2008,5,4213.96147,TUR
1025,TUR,2008,6,5073.060030000001,TUR
1026,TUR,2008,7,6087.555700000001,TUR
1027,TUR,2008,8,7414.75634,TUR
1028,TUR,2008,9,9638.276699999999,TUR
1029,TUR,2008,10,19086.662699999997,TUR
1030,TWN,2008,1,5980.8307,TWN
1031,TWN,2008,2,8248.2556,TWN
1032,TWN,2008,3,9727.6857,TWN
1033,TWN,2008,4,11141.736099999998,TWN
1034,TWN,2008,5,12666.616750000001,TWN
1035,TWN,2008,6,14361.158599999999,TWN
1036,TWN,2008,7,16512.55145,TWN
1037,TWN,2008,8,19560.9493,TWN
1038,TWN,2008,9,24439.272100000002,TWN
1039,TWN,2008,10,42363.1804,TWN
1040,TZA,2007,1,157.09656999999999,TZA
1041,TZA,2007,2,242.85462700000002,TZA
1042,TZA,2007,3,300.339776,TZA
1043,TZA,2007,4,358.563006,TZA
1044,TZA,2007,5,420.65341,TZA
1045,TZA,2007,6,488.105217,TZA
1046,TZA,2007,7,577.9757860000001,TZA
1047,TZA,2007,8,700.640129,TZA
1048,TZA,2007,9,906.270162,TZA
1049,TZA,2007,10,1735.17118,TZA
1050,UGA,2009,1,241.896731,UGA
1051,UGA,2009,2,368.42116799999997,UGA
1052,UGA,2009,3,460.2084860000001,UGA
1053,UGA,2009,4,541.4250470000001,UGA
1054,UGA,2009,5,631.9185879999999,UGA
1055,UGA,2009,6,735.87364,UGA
1056,UGA,2009,7,875.8011490000001,UGA
1057,UGA,2009,8,1084.7234899999999,UGA
1058,UGA,2009,9,1470.45396,UGA
1059,UGA,2009,10,3461.34063,UGA
1060,UKR,2008,1,1413.977145,UKR
1061,UKR,2008,2,1907.68891,UKR
1062,UKR,2008,3,2226.00341,UKR
1063,UKR,2008,4,2507.3871299999996,UKR
1064,UKR,2008,5,2800.7059999999997,UKR
1065,UKR,2008,6,3157.10799,UKR
1066,UKR,2008,7,3543.08362,UKR
1067,UKR,2008,8,4050.6249199999997,UKR
1068,UKR,2008,9,4820.1431299999995,UKR
1069,UKR,2008,10,7067.160809999999,UKR
1070,URY,2008,1,981.6364520000001,URY
1071,URY,2008,2,1575.1130399999997,URY
1072,URY,2008,3,2077.43159,URY
1073,URY,2008,4,2610.49177,URY
1074,URY,2008,5,3219.30088,URY
1075,URY,2008,6,3961.12144,URY
1076,URY,2008,7,4921.26235,URY
1077,URY,2008,8,6286.71413,URY
1078,URY,2008,9,8682.622050000002,URY
1079,URY,2008,10,18592.1555,URY
1080,USA,2008,1,3619.5554700000002,USA
1081,USA,2008,2,7681.017739999998,USA
1082,USA,2008,3,10898.0973,USA
1083,USA,2008,4,14029.088500000002,USA
1084,USA,2008,5,17398.7097,USA
1085,USA,2008,6,21177.3583,USA
1086,USA,2008,7,25831.2016,USA
1087,USA,2008,8,32024.863,USA
1088,USA,2008,9,41978.92969999999,USA
1089,USA,2008,10,80396.9953,USA
1090,VEN,2006,1,552.332909,VEN
1091,VEN,2006,2,1016.0365399999998,VEN
1092,VEN,2006,3,1367.0155499999998,VEN
1093,VEN,2006,4,1713.1452400000003,VEN
1094,VEN,2006,5,2087.8313399999997,VEN
1095,VEN,2006,6,2523.84665,VEN
1096,VEN,2006,7,3077.37389,VEN
1097,VEN,2006,8,3844.59126,VEN
1098,VEN,2006,9,5108.605509999999,VEN
1099,VEN,2006,10,10380.698349999999,VEN
1100,VNM,2006,1,390.73110199999996,VNM
1101,VNM,2006,2,563.7134140000001,VNM
1102,VNM,2006,3,694.7863709999999,VNM
1103,VNM,2006,4,824.5593769999999,VNM
1104,VNM,2006,5,964.388394,VNM
1105,VNM,2006,6,1132.63129,VNM
1106,VNM,2006,7,1347.86187,VNM
1107,VNM,2006,8,1643.0647399999998,VNM
1108,VNM,2006,9,2115.93559,VNM
1109,VNM,2006,10,4100.06751,VNM
1110,YEM,2008,1,312.17689099999996,YEM
1111,YEM,2008,2,450.13841199999996,YEM
1112,YEM,2008,3,548.746269,YEM
1113,YEM,2008,4,638.1589430000001,YEM
1114,YEM,2008,5,738.968152,YEM
1115,YEM,2008,6,849.617894,YEM
1116,YEM,2008,7,983.0009270000003,YEM
1117,YEM,2008,8,1182.19983,YEM
1118,YEM,2008,9,1501.85746,YEM
1119,YEM,2008,10,3221.49392,YEM
1120,ZAF,2008,1,286.0232573,ZAF
1121,ZAF,2008,2,619.054003,ZAF
1122,ZAF,2008,3,914.466076,ZAF
1123,ZAF,2008,4,1276.4497399999998,ZAF
1124,ZAF,2008,5,1747.9923,ZAF
1125,ZAF,2008,6,2457.05159,ZAF
1126,ZAF,2008,7,3411.8518900000004,ZAF
1127,ZAF,2008,8,5282.00107,ZAF
1128,ZAF,2008,9,9581.828770000002,ZAF
1129,ZAF,2008,10,30602.3301,ZAF
1130,COD,2008,1,58.114114300000004,COD
1131,COD,2008,2,91.73045979999999,COD
1132,COD,2008,3,116.28036239999999,COD
1133,COD,2008,4,142.166208,COD
1134,COD,2008,5,169.76837099999997,COD
1135,COD,2008,6,205.88872299999997,COD
1136,COD,2008,7,253.287496,COD
1137,COD,2008,8,324.10905,COD
1138,COD,2008,9,444.60181300000005,COD
1139,COD,2008,10,954.2138440000001,COD
