validation_hamming_loss,training_hamming_loss,fit_time,test_time,params_data,params_vectorizer,params_classifier,iteration
0.022633231528764192,0.02187970698682898,21.29369192123413,0.5362974166870117,both,"{'max_df': 0.9534963477609893, 'min_df': 0.03549345912607054, 'ngram_range': (1, 3), 'vectorizer': 'tfidf'}","{'C': 0.15597195848142725, 'multi': 'ClassifierChain', 'classifier': 'logistic_regression'}",1
0.028788174121555283,0.011266022037947602,133.6013910293579,0.9322410106658936,title,{'vectorizer': 'use'},"{'C': 58.15956220801524, 'multi': 'ClassifierChain', 'classifier': 'svm'}",2
0.03909800958619197,0.03102810897008445,34.73255915641785,0.38625264167785645,body,"{'max_df': 0.9532016841929153, 'min_df': 0.01539583062766647, 'ngram_range': (1, 1), 'vectorizer': 'bow'}","{'C': 47.30315267320387, 'multi': 'BinaryRelevance', 'classifier': 'svm'}",4
0.025594369750117207,0.019436677570619,53.026620388031006,0.561325979232788,body,"{'max_df': 0.9739218831004851, 'min_df': 0.01687486245586243, 'ngram_range': (1, 3), 'vectorizer': 'tfidf'}","{'C': 0.9085510608981416, 'multi': 'BinaryRelevance', 'classifier': 'logistic_regression'}",5
0.029924994258794163,0.02977559287429919,30.72350091934204,0.12461471557617188,title,"{'max_df': 0.9710648094851076, 'min_df': 0.027521167457636928, 'ngram_range': (1, 3), 'vectorizer': 'tfidf'}","{'C': 41.24851234284968, 'multi': 'ClassifierChain', 'classifier': 'svm'}",6
0.028845986892185906,0.02615764746708209,29.59596085548401,0.43619956970214846,both,"{'max_df': 0.989311296752864, 'min_df': 0.032339725732953316, 'ngram_range': (1, 2), 'vectorizer': 'bow'}","{'C': 53.95114717975114, 'multi': 'ClassifierChain', 'classifier': 'logistic_regression'}",7
0.025951993887781733,0.025488428808577674,9.256280899047852,0.44127397537231444,body,"{'max_df': 0.9723171550187869, 'min_df': 0.043073554731625316, 'ngram_range': (1, 2), 'vectorizer': 'bow'}","{'C': 0.027913641846798107, 'multi': 'BinaryRelevance', 'classifier': 'logistic_regression'}",9
0.02562113702533917,0.025611420218214415,31.2258451461792,0.07051186561584473,title,"{'max_df': 0.9880789545808477, 'min_df': 0.035176130646784536, 'ngram_range': (1, 1), 'vectorizer': 'bow'}","{'C': 6.3457912055619055, 'multi': 'BinaryRelevance', 'classifier': 'svm'}",10
0.016617830053435118,0.006615611685359052,73.41156177520752,0.8503395080566406,both,{'vectorizer': 'use'},"{'C': 0.0329500572082489, 'multi': 'ClassifierChain', 'classifier': 'svm'}",11
0.022949971824230704,0.01939692230374342,30.2207462310791,0.455324649810791,both,"{'max_df': 0.9787750570262941, 'min_df': 0.024528123838045417, 'ngram_range': (1, 2), 'vectorizer': 'bow'}","{'C': 0.883192136150366, 'multi': 'BinaryRelevance', 'classifier': 'logistic_regression'}",12
0.028852296999729403,0.027170565880047015,28.93227801322937,0.5334636211395264,both,"{'max_df': 0.9605059538210886, 'min_df': 0.03666393010622525, 'ngram_range': (1, 3), 'vectorizer': 'tfidf'}","{'C': 23.5812261696088, 'multi': 'ClassifierChain', 'classifier': 'logistic_regression'}",13
0.023500249226389984,0.023208000438705495,18.594164276123045,0.305743408203125,both,"{'max_df': 0.9569596689002956, 'min_df': 0.041897552098941145, 'ngram_range': (1, 1), 'vectorizer': 'bow'}","{'C': 0.023217909573021615, 'multi': 'ClassifierChain', 'classifier': 'svm'}",14
0.03438187876841794,0.02996945135244718,41.23308529853821,0.45444607734680176,both,"{'max_df': 0.9538998365386153, 'min_df': 0.020469472257046446, 'ngram_range': (1, 2), 'vectorizer': 'bow'}","{'C': 48.297751589494595, 'multi': 'BinaryRelevance', 'classifier': 'svm'}",15
0.022657609481311975,0.022489882866307518,5.842136573791504,0.10643978118896484,title,"{'max_df': 0.96306996792703, 'min_df': 0.013295214184786235, 'ngram_range': (1, 3), 'vectorizer': 'bow'}","{'C': 0.17146210576289672, 'multi': 'BinaryRelevance', 'classifier': 'logistic_regression'}",16
0.0201221716964834,0.003952446253157228,71.33573055267334,0.43031702041625974,both,{'vectorizer': 'use'},"{'C': 3.556068442029682, 'multi': 'BinaryRelevance', 'classifier': 'logistic_regression'}",17
0.025637591036557984,0.025618047380594568,5.363425350189209,0.06694521903991699,title,"{'max_df': 0.9821480405155232, 'min_df': 0.036786711421940205, 'ngram_range': (1, 1), 'vectorizer': 'bow'}","{'C': 92.10414801143003, 'multi': 'BinaryRelevance', 'classifier': 'logistic_regression'}",18
0.07915835488193944,0.0768385520205843,1.5015398502349853,0.31641330718994143,both,"{'max_df': 0.9861235081182227, 'min_df': 0.039557886323407176, 'ngram_range': (1, 1), 'vectorizer': 'bow'}","{'alpha': 0.7847133548675806, 'multi': 'BinaryRelevance', 'classifier': 'naive_bayes'}",19
0.027584231207014642,0.02761504057665034,30.88858585357666,0.10084171295166015,title,"{'max_df': 0.9880981542781576, 'min_df': 0.03412448881941672, 'ngram_range': (1, 1), 'vectorizer': 'bow'}","{'C': 31.655384568848223, 'multi': 'ClassifierChain', 'classifier': 'svm'}",20
0.015704210045435398,0.007574669910955298,58.45550413131714,0.9446081638336181,both,{'vectorizer': 'use'},"{'C': 0.019096528200468896, 'multi': 'ClassifierChain', 'classifier': 'svm'}",21
0.016347728581970093,0.0069743483390955945,67.42749409675598,0.8311878204345703,both,{'vectorizer': 'use'},"{'C': 0.026815746405677115, 'multi': 'ClassifierChain', 'classifier': 'svm'}",22
0.02055680499070574,0.004632679749808354,104.83703894615174,0.930610466003418,both,{'vectorizer': 'use'},"{'C': 0.21121191727198266, 'multi': 'ClassifierChain', 'classifier': 'svm'}",23
0.025132614090172638,0.008558050682205297,130.08320174217224,0.7986297130584716,body,{'vectorizer': 'use'},"{'C': 0.19318929424180994, 'multi': 'ClassifierChain', 'classifier': 'svm'}",24
0.015331464253229832,0.008372319615603642,50.55023603439331,0.9044039726257325,both,{'vectorizer': 'use'},"{'C': 0.013245441969248381, 'multi': 'ClassifierChain', 'classifier': 'svm'}",25
0.015138797572282186,0.008934075324174541,47.655775260925296,0.847980546951294,both,{'vectorizer': 'use'},"{'C': 0.01049839952626823, 'multi': 'ClassifierChain', 'classifier': 'svm'}",27
0.02447220123281386,0.008661237118290444,128.57872548103333,0.8690083503723145,body,{'vectorizer': 'use'},"{'C': 0.14440928109781137, 'multi': 'ClassifierChain', 'classifier': 'svm'}",28
0.022525549069415528,0.004679116539803853,101.04717721939087,0.8147083759307862,both,{'vectorizer': 'use'},"{'C': 0.7159827066139449, 'multi': 'ClassifierChain', 'classifier': 'svm'}",29
0.07715713311223142,0.07532313041532063,1.4197488307952881,0.33325986862182616,both,"{'max_df': 0.987882301908719, 'min_df': 0.04790260939619542, 'ngram_range': (1, 1), 'vectorizer': 'tfidf'}","{'alpha': 0.07221802109027575, 'multi': 'ClassifierChain', 'classifier': 'naive_bayes'}",30
0.018272728517148805,0.005483628154536414,103.84047555923462,0.8170992851257324,both,{'vectorizer': 'use'},"{'C': 0.07273407823939138, 'multi': 'ClassifierChain', 'classifier': 'svm'}",31
0.015223593999827372,0.009002469944847222,47.87778434753418,0.8601582050323486,both,{'vectorizer': 'use'},"{'C': 0.010026397181991203, 'multi': 'ClassifierChain', 'classifier': 'svm'}",32
0.01850518293782086,0.012568691336358118,54.72100443840027,0.9014672756195068,body,{'vectorizer': 'use'},"{'C': 0.010247666818929368, 'multi': 'ClassifierChain', 'classifier': 'svm'}",33
0.08659093698340473,0.08032909413433414,5.625840330123902,0.9527372360229492,both,"{'max_df': 0.9890018027097558, 'min_df': 0.010504420918690582, 'ngram_range': (1, 2), 'vectorizer': 'tfidf'}","{'alpha': 1.2940262119860522, 'multi': 'ClassifierChain', 'classifier': 'naive_bayes'}",34
0.029658018907862266,0.010679704705530512,137.9944962501526,0.8473237514495849,body,{'vectorizer': 'use'},"{'C': 1.879536279276095, 'multi': 'ClassifierChain', 'classifier': 'svm'}",35
0.01988516289528642,0.007963665764646213,118.63157930374146,0.9511630058288574,title,{'vectorizer': 'use'},"{'C': 0.06841199985418737, 'multi': 'ClassifierChain', 'classifier': 'svm'}",36
0.024492172855845654,0.02441509368149385,24.91154899597168,0.4145030975341797,both,"{'max_df': 0.9797260516417385, 'min_df': 0.04870529785627985, 'ngram_range': (1, 2), 'vectorizer': 'tfidf'}","{'C': 0.5018880867643442, 'multi': 'ClassifierChain', 'classifier': 'svm'}",37
0.030408973865360366,0.011256413136074759,139.67731285095215,0.8833491325378418,body,{'vectorizer': 'use'},"{'C': 2.769611885652525, 'multi': 'ClassifierChain', 'classifier': 'svm'}",39
0.024883536876799568,0.024878559401351162,2.8690074920654296,0.10242533683776855,title,"{'max_df': 0.9502277823352403, 'min_df': 0.02233590193627456, 'ngram_range': (1, 1), 'vectorizer': 'tfidf'}","{'C': 0.05869504955928049, 'multi': 'ClassifierChain', 'classifier': 'svm'}",40
0.01515347615282676,0.008970232152631999,47.3773627281189,0.9490131378173828,both,{'vectorizer': 'use'},"{'C': 0.01020427223774512, 'multi': 'ClassifierChain', 'classifier': 'svm'}",42
0.025116902566558002,0.007542111002792419,104.72011623382568,0.8058419704437256,both,{'vectorizer': 'use'},"{'C': 14.78005570663802, 'multi': 'ClassifierChain', 'classifier': 'svm'}",43
0.021610182462439627,0.017627607930783096,28.296936798095704,0.4281322956085205,body,"{'max_df': 0.96254274553366, 'min_df': 0.010239362233608894, 'ngram_range': (1, 1), 'vectorizer': 'tfidf'}","{'C': 0.011738510230718363, 'multi': 'ClassifierChain', 'classifier': 'logistic_regression'}",44
0.017956784765855445,0.009168266225269629,84.6804633140564,0.3713531970977783,title,{'vectorizer': 'use'},"{'C': 0.03973766224348881, 'multi': 'BinaryRelevance', 'classifier': 'svm'}",45
0.020401661249291735,0.004052311579696962,75.99818987846375,0.9228865623474121,both,{'vectorizer': 'use'},"{'C': 9.34316121342831, 'multi': 'ClassifierChain', 'classifier': 'logistic_regression'}",46
0.02305735192208336,0.02289530678908607,34.01005630493164,0.3929481506347656,both,"{'max_df': 0.9817991572094279, 'min_df': 0.04046550457051375, 'ngram_range': (1, 2), 'vectorizer': 'tfidf'}","{'C': 0.36692230083004684, 'multi': 'BinaryRelevance', 'classifier': 'svm'}",47
0.01769231980619226,0.01001611511311872,55.47425603866577,0.3972562313079834,title,{'vectorizer': 'use'},"{'C': 0.09959271063726427, 'multi': 'BinaryRelevance', 'classifier': 'logistic_regression'}",49
0.024336280754300686,0.02414188436988394,16.667326498031617,0.5148564338684082,both,"{'max_df': 0.9669957384741902, 'min_df': 0.04840665772491595, 'ngram_range': (1, 3), 'vectorizer': 'bow'}","{'C': 0.010479838177554128, 'multi': 'ClassifierChain', 'classifier': 'svm'}",50
0.022905814461219302,0.008591006168286465,131.13723225593566,0.3787362575531006,body,{'vectorizer': 'use'},"{'C': 0.10616355416034182, 'multi': 'BinaryRelevance', 'classifier': 'svm'}",51
0.025721718194120946,0.021361401522277394,38.86838669776917,0.5654383659362793,both,"{'max_df': 0.9731932834396302, 'min_df': 0.026074648547784497, 'ngram_range': (1, 3), 'vectorizer': 'bow'}","{'C': 4.415884468160367, 'multi': 'ClassifierChain', 'classifier': 'logistic_regression'}",52
0.034062738012372,0.0338129852600207,29.539274883270263,0.1252230167388916,title,"{'max_df': 0.9598988995205681, 'min_df': 0.01864806795558736, 'ngram_range': (1, 2), 'vectorizer': 'tfidf'}","{'C': 99.63069169890477, 'multi': 'ClassifierChain', 'classifier': 'svm'}",53
0.023304339824110364,0.005245858315108571,104.33938298225402,0.8616096019744873,both,{'vectorizer': 'use'},"{'C': 1.355307582802979, 'multi': 'ClassifierChain', 'classifier': 'svm'}",55
0.028719961514155967,0.028228483272458978,47.88181920051575,0.5268419742584228,both,"{'max_df': 0.9602567199009975, 'min_df': 0.04911421878909755, 'ngram_range': (1, 3), 'vectorizer': 'bow'}","{'C': 7.108716512053843, 'multi': 'ClassifierChain', 'classifier': 'svm'}",56
0.018871231815714228,0.012961683100811328,49.05782928466797,0.9408027648925781,body,{'vectorizer': 'use'},"{'C': 0.03296680060874549, 'multi': 'ClassifierChain', 'classifier': 'logistic_regression'}",57
0.023235748788341892,0.006491434650883173,121.3122766494751,0.3842162609100342,title,{'vectorizer': 'use'},"{'C': 0.2737105807067977, 'multi': 'BinaryRelevance', 'classifier': 'svm'}",58
0.020899647015335275,0.017662274444085396,15.372025442123412,0.5287569046020508,both,"{'max_df': 0.9502119594449022, 'min_df': 0.01887458753653285, 'ngram_range': (1, 2), 'vectorizer': 'bow'}","{'C': 0.016331635255053368, 'multi': 'ClassifierChain', 'classifier': 'svm'}",59
0.10220219783628366,0.09859214044156668,1.8719444751739502,0.40035443305969237,both,"{'max_df': 0.9659535135122873, 'min_df': 0.029517291194725456, 'ngram_range': (1, 1), 'vectorizer': 'tfidf'}","{'alpha': 1.5709403040621512, 'multi': 'ClassifierChain', 'classifier': 'naive_bayes'}",60
0.017289403605543843,0.006222707592678091,89.3405438899994,0.38478708267211914,both,{'vectorizer': 'use'},"{'C': 0.048506694054663325, 'multi': 'BinaryRelevance', 'classifier': 'svm'}",61
0.021648661466281992,0.009239366729434964,81.28074703216552,1.059904146194458,body,{'vectorizer': 'use'},"{'C': 0.3754845274262752, 'multi': 'ClassifierChain', 'classifier': 'logistic_regression'}",62
0.026729173217379824,0.008218204242771435,18.9703248500824,0.7815571308135987,both,"{'max_df': 0.9762197719133872, 'min_df': 0.010108557489954498, 'ngram_range': (1, 3), 'vectorizer': 'bow'}","{'C': 0.09969325555604035, 'multi': 'ClassifierChain', 'classifier': 'svm'}",63
0.017746611423440507,0.009371002530579205,77.42610101699829,0.8784648418426514,title,{'vectorizer': 'use'},"{'C': 0.02817772101013631, 'multi': 'ClassifierChain', 'classifier': 'svm'}",64
0.015099704106482915,0.008874733878264431,49.691277742385864,0.9270524501800537,both,{'vectorizer': 'use'},"{'C': 0.010491827725550552, 'multi': 'ClassifierChain', 'classifier': 'svm'}",66
0.015594490435786552,0.007721914788702487,58.424844789505,0.8828722476959229,both,{'vectorizer': 'use'},"{'C': 0.01814655926387445, 'multi': 'ClassifierChain', 'classifier': 'svm'}",67
0.016692119312846837,0.006561787297378942,78.15542798042297,0.9685063362121582,both,{'vectorizer': 'use'},"{'C': 0.034084668566486453, 'multi': 'ClassifierChain', 'classifier': 'svm'}",68
0.01573627360751428,0.007458375342611155,64.92331237792969,0.9177042007446289,both,{'vectorizer': 'use'},"{'C': 0.02071584149655932, 'multi': 'ClassifierChain', 'classifier': 'svm'}",69
0.015149371004200976,0.008839000921959921,51.96758608818054,1.0013462543487548,both,{'vectorizer': 'use'},"{'C': 0.010769544231550996, 'multi': 'ClassifierChain', 'classifier': 'svm'}",70
0.01533795675346572,0.008294443761677634,55.446433305740356,0.9450431346893311,both,{'vectorizer': 'use'},"{'C': 0.013866026083038573, 'multi': 'ClassifierChain', 'classifier': 'svm'}",71
0.01611975216031223,0.0070297107315248466,67.2782534122467,0.9599309444427491,both,{'vectorizer': 'use'},"{'C': 0.025765944738979394, 'multi': 'ClassifierChain', 'classifier': 'svm'}",72
0.019327493276520204,0.0050675654221926675,113.78386969566345,1.1894353866577148,both,{'vectorizer': 'use'},"{'C': 0.10598536882016556, 'multi': 'ClassifierChain', 'classifier': 'svm'}",73
0.01713499695845338,0.006178633937418484,88.3623471736908,0.9438842296600342,both,{'vectorizer': 'use'},"{'C': 0.043328156500501085, 'multi': 'ClassifierChain', 'classifier': 'svm'}",74
0.023750235945653033,0.023588578430016084,19.427058124542235,0.5381598472595215,both,"{'max_df': 0.9546437072627438, 'min_df': 0.043146489238575655, 'ngram_range': (1, 3), 'vectorizer': 'tfidf'}","{'C': 0.15248424370229632, 'multi': 'ClassifierChain', 'classifier': 'svm'}",75
0.015031786334059893,0.008941207648086553,49.76076393127441,0.9240748405456543,both,{'vectorizer': 'use'},"{'C': 0.010312733761644523, 'multi': 'ClassifierChain', 'classifier': 'svm'}",76
0.030947389179851365,0.012475072641180791,149.39165997505188,0.9368963241577148,body,{'vectorizer': 'use'},"{'C': 5.202168265963489, 'multi': 'ClassifierChain', 'classifier': 'svm'}",77
0.015002717723390749,0.01132368462979448,35.85105910301208,0.9981983184814454,both,{'vectorizer': 'use'},"{'C': 0.010181699806621177, 'multi': 'ClassifierChain', 'classifier': 'logistic_regression'}",78
0.02330240598279003,0.022261103249986147,13.156429004669189,0.42472076416015625,both,"{'max_df': 0.9676217565900703, 'min_df': 0.02783283347939553, 'ngram_range': (1, 2), 'vectorizer': 'bow'}","{'C': 0.01058804822912187, 'multi': 'BinaryRelevance', 'classifier': 'logistic_regression'}",79
0.016803875862362826,0.011471687553061308,52.29411668777466,1.0341104030609132,title,{'vectorizer': 'use'},"{'C': 0.036662225337416254, 'multi': 'ClassifierChain', 'classifier': 'logistic_regression'}",80
0.025326085970665612,0.02131725515929283,44.3304407119751,0.48946213722229004,both,"{'max_df': 0.9770120660423722, 'min_df': 0.024597696247614823, 'ngram_range': (1, 2), 'vectorizer': 'tfidf'}","{'C': 2.1994372299102727, 'multi': 'ClassifierChain', 'classifier': 'logistic_regression'}",81
0.017762056045514386,0.005211103919027009,82.0548077583313,1.0784948825836183,both,{'vectorizer': 'use'},"{'C': 0.4444433464847237, 'multi': 'ClassifierChain', 'classifier': 'logistic_regression'}",82
0.019139487466610424,0.012061953724122481,63.72299146652222,1.0818542957305908,body,{'vectorizer': 'use'},"{'C': 0.06059172020859076, 'multi': 'ClassifierChain', 'classifier': 'logistic_regression'}",83
0.014963251852389331,0.011401356867898954,28.234712076187133,0.4077460289001465,both,{'vectorizer': 'use'},"{'C': 0.010061071119722806, 'multi': 'BinaryRelevance', 'classifier': 'logistic_regression'}",84
0.02724466402755002,0.0272435149607916,5.788502836227417,0.09673199653625489,title,"{'max_df': 0.9829716513918981, 'min_df': 0.046753339262871535, 'ngram_range': (1, 3), 'vectorizer': 'bow'}","{'C': 0.010062606920298173, 'multi': 'BinaryRelevance', 'classifier': 'logistic_regression'}",85
0.015046174629506606,0.010224771830923731,36.900035524368285,0.4352529048919678,both,{'vectorizer': 'use'},"{'C': 0.02014839381771145, 'multi': 'BinaryRelevance', 'classifier': 'logistic_regression'}",86
0.020043217738898098,0.015487886443701577,31.230654859542845,0.415878438949585,both,"{'max_df': 0.984321059337173, 'min_df': 0.015774829201034516, 'ngram_range': (1, 1), 'vectorizer': 'tfidf'}","{'C': 0.06570649980563385, 'multi': 'BinaryRelevance', 'classifier': 'logistic_regression'}",87
0.018442266955605458,0.014352105691546168,32.04554924964905,0.4532169342041016,body,{'vectorizer': 'use'},"{'C': 0.014381237872348187, 'multi': 'BinaryRelevance', 'classifier': 'logistic_regression'}",88
0.017061663738482984,0.005860530809632212,72.72237529754639,0.4585052490234375,both,{'vectorizer': 'use'},"{'C': 0.2810470082211915, 'multi': 'BinaryRelevance', 'classifier': 'logistic_regression'}",89
0.015682858855415777,0.00820956670205299,52.14270248413086,0.4285801887512207,both,{'vectorizer': 'use'},"{'C': 0.06573359208067377, 'multi': 'BinaryRelevance', 'classifier': 'logistic_regression'}",90
0.02510374911660549,0.025057393349708607,5.3602409839630125,0.07043671607971191,title,"{'max_df': 0.9624193028479936, 'min_df': 0.022354351145055216, 'ngram_range': (1, 1), 'vectorizer': 'bow'}","{'C': 0.1469771867380182, 'multi': 'BinaryRelevance', 'classifier': 'logistic_regression'}",91
0.015029147910801708,0.010639246745830683,31.659893369674684,0.41160035133361816,both,{'vectorizer': 'use'},"{'C': 0.015807499856825558, 'multi': 'BinaryRelevance', 'classifier': 'logistic_regression'}",92
0.022164269957060688,0.02170637636772748,13.005790901184081,0.5141430854797363,both,"{'max_df': 0.9674954367737572, 'min_df': 0.034368245434067475, 'ngram_range': (1, 3), 'vectorizer': 'tfidf'}","{'C': 0.019962354425629318, 'multi': 'BinaryRelevance', 'classifier': 'logistic_regression'}",93
0.018920676384309745,0.012662019469078975,43.71498007774353,0.4069071769714355,body,{'vectorizer': 'use'},"{'C': 0.04206485544164689, 'multi': 'BinaryRelevance', 'classifier': 'logistic_regression'}",94
0.015047959234894746,0.01134994471803365,28.116694307327272,0.3847228527069092,both,{'vectorizer': 'use'},"{'C': 0.01048711694689064, 'multi': 'BinaryRelevance', 'classifier': 'logistic_regression'}",95
0.01503870906355014,0.010209000411679159,35.02418384552002,0.4113058090209961,both,{'vectorizer': 'use'},"{'C': 0.020434520056353198, 'multi': 'BinaryRelevance', 'classifier': 'logistic_regression'}",96
0.025622421191676476,0.0256176846744919,5.787521886825561,0.10450124740600586,title,"{'max_df': 0.9776464996351066, 'min_df': 0.0303924445592137, 'ngram_range': (1, 3), 'vectorizer': 'bow'}","{'C': 0.11253002596687468, 'multi': 'BinaryRelevance', 'classifier': 'logistic_regression'}",97
0.024013121293429363,0.023865744199989637,6.583005762100219,0.2631797790527344,both,"{'max_df': 0.9555569400813377, 'min_df': 0.04389137826681913, 'ngram_range': (1, 1), 'vectorizer': 'tfidf'}","{'C': 0.018163156550573694, 'multi': 'BinaryRelevance', 'classifier': 'logistic_regression'}",98
0.01897177462785135,0.00449943879105953,72.89472045898438,0.40793805122375487,both,{'vectorizer': 'use'},"{'C': 1.0469361441815903, 'multi': 'BinaryRelevance', 'classifier': 'logistic_regression'}",99
0.018712589024959564,0.013258661511628392,38.40367388725281,0.37935600280761717,body,{'vectorizer': 'use'},"{'C': 0.028674947954231863, 'multi': 'BinaryRelevance', 'classifier': 'logistic_regression'}",100
0.01550326071967415,0.008988144443338123,45.11960501670838,0.4502114772796631,both,{'vectorizer': 'use'},"{'C': 0.042102732891525496, 'multi': 'BinaryRelevance', 'classifier': 'logistic_regression'}",101
0.021171121667919464,0.02072500784202662,7.798466491699219,0.12563366889953614,title,"{'max_df': 0.9668398848721487, 'min_df': 0.010056734390333777, 'ngram_range': (1, 2), 'vectorizer': 'bow'}","{'C': 0.21490891212441693, 'multi': 'BinaryRelevance', 'classifier': 'logistic_regression'}",103
0.021140596739791625,0.0037258532516602446,72.19950466156006,0.4399862766265869,both,{'vectorizer': 'use'},"{'C': 33.12200405928794, 'multi': 'BinaryRelevance', 'classifier': 'logistic_regression'}",104
0.022172083137741085,0.021283608993178882,19.322141647338867,0.42508740425109864,both,"{'max_df': 0.9502503431265239, 'min_df': 0.03333105545980631, 'ngram_range': (1, 2), 'vectorizer': 'tfidf'}","{'C': 0.5614884192197288, 'multi': 'BinaryRelevance', 'classifier': 'logistic_regression'}",105
0.016162388608364203,0.007629658257294959,58.57230491638184,0.4256171226501465,both,{'vectorizer': 'use'},"{'C': 0.0914823518047122, 'multi': 'BinaryRelevance', 'classifier': 'logistic_regression'}",107
0.02095037776037737,0.003784774237900056,73.11367478370667,0.4105670928955078,both,{'vectorizer': 'use'},"{'C': 12.49776653557476, 'multi': 'BinaryRelevance', 'classifier': 'logistic_regression'}",108
0.02299946169616191,0.02292205611085681,5.386945629119873,0.08389983177185059,title,"{'max_df': 0.9579897717193706, 'min_df': 0.015814845354482687, 'ngram_range': (1, 1), 'vectorizer': 'bow'}","{'C': 0.014170604597186554, 'multi': 'BinaryRelevance', 'classifier': 'logistic_regression'}",109
0.019083423098411732,0.004352999873011449,74.2473021030426,0.4354560852050781,both,{'vectorizer': 'use'},"{'C': 1.2580312204564144, 'multi': 'BinaryRelevance', 'classifier': 'logistic_regression'}",110
0.11621558315933098,0.11117101099999926,2.1962137699127195,0.4148909091949463,both,"{'max_df': 0.9737316678540956, 'min_df': 0.021896085572895456, 'ngram_range': (1, 1), 'vectorizer': 'tfidf'}","{'alpha': 1.1516561882814649, 'multi': 'BinaryRelevance', 'classifier': 'naive_bayes'}",111
0.02127772551800067,0.0037505200846561088,73.40326523780823,0.49065346717834474,both,{'vectorizer': 'use'},"{'C': 88.72981039494944, 'multi': 'BinaryRelevance', 'classifier': 'logistic_regression'}",112
0.018570273764443698,0.013357156400528342,38.92186107635498,0.46668477058410646,body,{'vectorizer': 'use'},"{'C': 0.027188518332742762, 'multi': 'BinaryRelevance', 'classifier': 'logistic_regression'}",113
0.015042432214214859,0.011388213928137225,28.784062147140503,0.4248465061187744,both,{'vectorizer': 'use'},"{'C': 0.010155212191173792, 'multi': 'BinaryRelevance', 'classifier': 'logistic_regression'}",114
0.03575536011367292,0.03601322972187364,0.5853639602661133,0.09664788246154785,title,"{'max_df': 0.9524332816743695, 'min_df': 0.043966720081300384, 'ngram_range': (1, 2), 'vectorizer': 'bow'}","{'alpha': 0.27318344073750955, 'multi': 'BinaryRelevance', 'classifier': 'naive_bayes'}",115
0.015472531123883276,0.008463752547688445,49.801283550262454,0.4332901954650879,both,{'vectorizer': 'use'},"{'C': 0.05527201798302881, 'multi': 'BinaryRelevance', 'classifier': 'logistic_regression'}",116
0.02384938511020322,0.01107094552775322,69.12460236549377,0.6182825565338135,both,"{'max_df': 0.9855650771427262, 'min_df': 0.013559320147885714, 'ngram_range': (1, 2), 'vectorizer': 'tfidf'}","{'C': 0.6947440332358501, 'multi': 'BinaryRelevance', 'classifier': 'logistic_regression'}",117
0.020134095926033928,0.003892813270801462,75.34464311599731,0.4560375213623047,both,{'vectorizer': 'use'},"{'C': 4.736095554545928, 'multi': 'BinaryRelevance', 'classifier': 'logistic_regression'}",118
0.01822673627932848,0.014300221443278813,30.92568507194519,0.46372361183166505,body,{'vectorizer': 'use'},"{'C': 0.014861111245135141, 'multi': 'BinaryRelevance', 'classifier': 'logistic_regression'}",119
0.025620049646591526,0.025619208418103206,5.810975790023804,0.09986643791198731,title,"{'max_df': 0.9715158091572469, 'min_df': 0.037928841400474665, 'ngram_range': (1, 3), 'vectorizer': 'bow'}","{'C': 0.1531409377633351, 'multi': 'BinaryRelevance', 'classifier': 'logistic_regression'}",121
0.015127002565673653,0.009659429308220852,40.04521379470825,0.43019728660583495,both,{'vectorizer': 'use'},"{'C': 0.028048654786273, 'multi': 'BinaryRelevance', 'classifier': 'logistic_regression'}",122
0.02294046254463439,0.022463636891749038,22.36789469718933,0.5103641033172608,both,"{'max_df': 0.9578019958385124, 'min_df': 0.04012696774775225, 'ngram_range': (1, 3), 'vectorizer': 'tfidf'}","{'C': 1.7899703795609943, 'multi': 'BinaryRelevance', 'classifier': 'logistic_regression'}",123
0.015887310319398367,0.00784051058935192,56.29268975257874,0.4414969921112061,both,{'vectorizer': 'use'},"{'C': 0.07988321142810663, 'multi': 'BinaryRelevance', 'classifier': 'logistic_regression'}",124
0.017087950084563097,0.005772071922110785,79.49599342346191,0.9401154518127441,both,{'vectorizer': 'use'},"{'C': 0.28729232662767484, 'multi': 'ClassifierChain', 'classifier': 'logistic_regression'}",126
0.025624387321132387,0.025617813084594782,5.343878507614136,0.07070479393005372,title,"{'max_df': 0.9829497121264856, 'min_df': 0.030769353360946522, 'ngram_range': (1, 1), 'vectorizer': 'bow'}","{'C': 0.0414175482719242, 'multi': 'BinaryRelevance', 'classifier': 'logistic_regression'}",127
0.015040865209357702,0.01087537660469639,37.2484631061554,0.9711346626281738,both,{'vectorizer': 'use'},"{'C': 0.013220597343115122, 'multi': 'ClassifierChain', 'classifier': 'logistic_regression'}",128
0.02168087128259027,0.020611494601954876,10.775973653793335,0.3048998832702637,both,"{'max_df': 0.9654650774803595, 'min_df': 0.02635697168372993, 'ngram_range': (1, 1), 'vectorizer': 'tfidf'}","{'C': 0.023323472955278597, 'multi': 'BinaryRelevance', 'classifier': 'logistic_regression'}",129
0.020094182485402564,0.010751602909498842,63.29059567451477,0.44533939361572267,body,{'vectorizer': 'use'},"{'C': 0.13307503465445897, 'multi': 'BinaryRelevance', 'classifier': 'logistic_regression'}",131
0.015102064621856596,0.011325780654144397,33.962134981155394,0.8933095932006836,both,{'vectorizer': 'use'},"{'C': 0.010212792334133693, 'multi': 'ClassifierChain', 'classifier': 'logistic_regression'}",132
0.02190790051504974,0.021688019909851534,5.65456109046936,0.10053157806396484,title,"{'max_df': 0.9500718791186111, 'min_df': 0.012324409695175086, 'ngram_range': (1, 2), 'vectorizer': 'bow'}","{'C': 0.20816271576621442, 'multi': 'BinaryRelevance', 'classifier': 'logistic_regression'}",133
0.020455715584514738,0.004090734149868845,77.65457549095154,1.015762948989868,both,{'vectorizer': 'use'},"{'C': 9.43924083796481, 'multi': 'ClassifierChain', 'classifier': 'logistic_regression'}",134
0.10864953309422087,0.10555894976035889,3.6700183391571044,0.41913957595825196,both,"{'max_df': 0.9783363920585508, 'min_df': 0.04456152139293869, 'ngram_range': (1, 2), 'vectorizer': 'tfidf'}","{'alpha': 1.0123736257425286, 'multi': 'BinaryRelevance', 'classifier': 'naive_bayes'}",135
0.015442649357278928,0.008714544090194282,55.18214192390442,0.9631318569183349,both,{'vectorizer': 'use'},"{'C': 0.04644244190703202, 'multi': 'ClassifierChain', 'classifier': 'logistic_regression'}",136
0.01842014781868592,0.01412772538351427,31.471364879608153,0.4316889762878418,body,{'vectorizer': 'use'},"{'C': 0.016697744979549012, 'multi': 'BinaryRelevance', 'classifier': 'logistic_regression'}",137
0.01581918319179861,0.007906267408469048,53.310235261917114,0.4542647361755371,both,{'vectorizer': 'use'},"{'C': 0.07564819105470638, 'multi': 'BinaryRelevance', 'classifier': 'logistic_regression'}",138
0.021599639055822403,0.01641603381147942,37.478248596191406,0.5976622104644775,both,"{'max_df': 0.9549266343654145, 'min_df': 0.0174976729430975, 'ngram_range': (1, 3), 'vectorizer': 'bow'}","{'C': 0.11356591879684165, 'multi': 'ClassifierChain', 'classifier': 'logistic_regression'}",139
0.015206918052730684,0.009242868264305676,49.1764675617218,0.9317654132843017,both,{'vectorizer': 'use'},"{'C': 0.034259500583077744, 'multi': 'ClassifierChain', 'classifier': 'logistic_regression'}",141
0.022050074865987274,0.02120621538538004,15.817187786102295,0.5033924102783203,both,"{'max_df': 0.9705067690729174, 'min_df': 0.03124937807377384, 'ngram_range': (1, 3), 'vectorizer': 'tfidf'}","{'C': 0.04968230533173037, 'multi': 'BinaryRelevance', 'classifier': 'logistic_regression'}",142
0.018584323532043874,0.013525039444063598,43.55296363830566,0.9863933086395263,body,{'vectorizer': 'use'},"{'C': 0.023102383964863096, 'multi': 'ClassifierChain', 'classifier': 'logistic_regression'}",143
0.021102368955213047,0.0037580594438048043,70.12739667892455,0.41844782829284666,both,{'vectorizer': 'use'},"{'C': 20.925380768490594, 'multi': 'BinaryRelevance', 'classifier': 'logistic_regression'}",144
0.0898996571764936,0.08676238137025961,1.7052218914031982,0.33632616996765136,both,"{'max_df': 0.9647083371396799, 'min_df': 0.027697747887633916, 'ngram_range': (1, 1), 'vectorizer': 'bow'}","{'alpha': 1.6577092221726004, 'multi': 'BinaryRelevance', 'classifier': 'naive_bayes'}",145
0.025104158466810446,0.007784257184810068,107.36669936180115,0.9559593677520752,both,{'vectorizer': 'use'},"{'C': 30.133241435092806, 'multi': 'ClassifierChain', 'classifier': 'svm'}",146
0.022073930685883935,0.004595679303752628,106.60295052528382,0.8762251377105713,both,{'vectorizer': 'use'},"{'C': 0.6053078380972152, 'multi': 'ClassifierChain', 'classifier': 'svm'}",147
0.024935636488457372,0.007473159240259419,108.7445125579834,0.8196660995483398,both,{'vectorizer': 'use'},"{'C': 18.239867433227793, 'multi': 'ClassifierChain', 'classifier': 'svm'}",148
0.02284880950330552,0.00497560498068813,104.94220881462097,0.773232364654541,both,{'vectorizer': 'use'},"{'C': 0.9994561552413529, 'multi': 'ClassifierChain', 'classifier': 'svm'}",149
0.024445288496951302,0.006667936032663241,104.59434638023376,0.8685393333435059,both,{'vectorizer': 'use'},"{'C': 4.54188679678576, 'multi': 'ClassifierChain', 'classifier': 'svm'}",150
0.024882034381289247,0.007288121432845076,104.07854661941528,0.8954373836517334,both,{'vectorizer': 'use'},"{'C': 12.018928704432103, 'multi': 'ClassifierChain', 'classifier': 'svm'}",151
0.025209137017565487,0.007807876037780463,104.70979475975037,0.8375116348266601,both,{'vectorizer': 'use'},"{'C': 96.03139163404339, 'multi': 'ClassifierChain', 'classifier': 'svm'}",152
0.025119721521209643,0.007861626202037198,103.72989692687989,0.8509733200073242,both,{'vectorizer': 'use'},"{'C': 61.456575187048855, 'multi': 'ClassifierChain', 'classifier': 'svm'}",153
0.017721496001972464,0.005274238543740032,77.38312864303589,0.9526852607727051,both,{'vectorizer': 'use'},"{'C': 0.41701932376850065, 'multi': 'ClassifierChain', 'classifier': 'logistic_regression'}",154
0.024115315226521168,0.0060442649845543475,103.63034319877625,0.8151129245758056,both,{'vectorizer': 'use'},"{'C': 2.1798631206372, 'multi': 'ClassifierChain', 'classifier': 'svm'}",155
0.019511624685714535,0.004157585272330622,78.88175096511841,1.0026651859283446,both,{'vectorizer': 'use'},"{'C': 2.7745515880997202, 'multi': 'ClassifierChain', 'classifier': 'logistic_regression'}",156
0.017532219906049196,0.005640084800919862,77.8038558959961,0.8646565914154053,both,{'vectorizer': 'use'},"{'C': 0.31099925105729115, 'multi': 'ClassifierChain', 'classifier': 'logistic_regression'}",157
0.02138000138063324,0.004504147695210931,102.39256534576415,0.8556673049926757,both,{'vectorizer': 'use'},"{'C': 0.3314180900456453, 'multi': 'ClassifierChain', 'classifier': 'svm'}",158
0.016216913605004116,0.01296240027256825,34.961564493179324,1.000207281112671,title,{'vectorizer': 'use'},"{'C': 0.011775323989728258, 'multi': 'ClassifierChain', 'classifier': 'logistic_regression'}",159
0.01682096128471616,0.00624231920865156,77.1452952861786,0.939057731628418,both,{'vectorizer': 'use'},"{'C': 0.20486455171299603, 'multi': 'ClassifierChain', 'classifier': 'logistic_regression'}",161
0.0273756953204763,0.02064820067149411,49.63430151939392,0.5832933902740478,both,"{'max_df': 0.9751526460215604, 'min_df': 0.02088586497324373, 'ngram_range': (1, 3), 'vectorizer': 'tfidf'}","{'C': 4.748977486440498, 'multi': 'ClassifierChain', 'classifier': 'logistic_regression'}",162
0.02886854651164595,0.008155801892320888,143.04809803962706,0.356705904006958,body,{'vectorizer': 'use'},"{'C': 1.1813079484405198, 'multi': 'BinaryRelevance', 'classifier': 'svm'}",163
0.01507594681246329,0.009356770099786499,47.08058385848999,0.872777795791626,both,{'vectorizer': 'use'},"{'C': 0.032021814747811086, 'multi': 'ClassifierChain', 'classifier': 'logistic_regression'}",164
0.02113940913683379,0.0037517941172174178,69.91935420036316,0.40918970108032227,both,{'vectorizer': 'use'},"{'C': 50.389681153612415, 'multi': 'BinaryRelevance', 'classifier': 'logistic_regression'}",165
0.027244872280362348,0.027243529288086564,32.63722949028015,0.08668508529663085,title,"{'max_df': 0.9804968926571038, 'min_df': 0.045615124340598195, 'ngram_range': (1, 2), 'vectorizer': 'bow'}","{'C': 3.5142819690950486, 'multi': 'BinaryRelevance', 'classifier': 'svm'}",166
0.015038135079334292,0.010453058644517963,41.40692405700683,0.9717053890228271,both,{'vectorizer': 'use'},"{'C': 0.017202944001238476, 'multi': 'ClassifierChain', 'classifier': 'logistic_regression'}",167
0.11023121353855758,0.1069792698341138,1.5795301437377929,0.31842541694641113,both,"{'max_df': 0.9822306948623879, 'min_df': 0.03885864724488632, 'ngram_range': (1, 1), 'vectorizer': 'tfidf'}","{'alpha': 0.5786263965927444, 'multi': 'BinaryRelevance', 'classifier': 'naive_bayes'}",168
0.01566817256612147,0.00815702168127277,65.68352055549622,0.9795392513275146,both,{'vectorizer': 'use'},"{'C': 0.06379805826128658, 'multi': 'ClassifierChain', 'classifier': 'logistic_regression'}",169
0.032761665863966186,0.011836984693244519,156.64694972038268,0.37390546798706054,body,{'vectorizer': 'use'},"{'C': 11.08474391641693, 'multi': 'BinaryRelevance', 'classifier': 'svm'}",170
0.018011684739914723,0.005022765548154623,76.92167477607727,0.9336187362670898,both,{'vectorizer': 'use'},"{'C': 0.5363873261513444, 'multi': 'ClassifierChain', 'classifier': 'logistic_regression'}",171
0.022252424799655147,0.020145156060129295,19.050037717819215,0.5439469337463378,both,"{'max_df': 0.9744517411773669, 'min_df': 0.022325267332446996, 'ngram_range': (1, 3), 'vectorizer': 'bow'}","{'C': 0.023035349029982066, 'multi': 'BinaryRelevance', 'classifier': 'logistic_regression'}",172
0.016312991707992264,0.012949868758052738,33.462814235687254,0.9013913154602051,title,{'vectorizer': 'use'},"{'C': 0.012088105845611628, 'multi': 'ClassifierChain', 'classifier': 'logistic_regression'}",173
0.032806905235951055,0.01186192014851669,16.565411472320555,0.5594451904296875,both,"{'max_df': 0.9528939500353901, 'min_df': 0.012326179032900866, 'ngram_range': (1, 2), 'vectorizer': 'tfidf'}","{'C': 0.8142861159416779, 'multi': 'ClassifierChain', 'classifier': 'svm'}",175
0.01969011551546537,0.01130483563069622,56.002894163131714,0.4652111053466797,body,{'vectorizer': 'use'},"{'C': 0.095348503156221, 'multi': 'BinaryRelevance', 'classifier': 'logistic_regression'}",176
0.015271344959451233,0.009169429021414658,41.147372007369995,0.4543465614318848,both,{'vectorizer': 'use'},"{'C': 0.037704037169073695, 'multi': 'BinaryRelevance', 'classifier': 'logistic_regression'}",177
0.021948165329104975,0.004484261287590368,100.46123609542846,0.9156262874603271,both,{'vectorizer': 'use'},"{'C': 0.4254669413853478, 'multi': 'ClassifierChain', 'classifier': 'svm'}",178
0.025611059027728877,0.02560912015593479,5.333616399765015,0.06488122940063476,title,"{'max_df': 0.969893578881645, 'min_df': 0.041123110723734785, 'ngram_range': (1, 1), 'vectorizer': 'bow'}","{'C': 6.07023249623215, 'multi': 'BinaryRelevance', 'classifier': 'logistic_regression'}",179
0.018850008031798267,0.004383630663457739,76.78893675804139,1.0000751495361329,both,{'vectorizer': 'use'},"{'C': 1.2070575687769771, 'multi': 'ClassifierChain', 'classifier': 'logistic_regression'}",180
0.10094343484358374,0.09864929968070121,6.3345784664154055,0.5190900325775146,both,"{'max_df': 0.9688502191642748, 'min_df': 0.04967108874171977, 'ngram_range': (1, 3), 'vectorizer': 'tfidf'}","{'alpha': 1.2254649991157802, 'multi': 'BinaryRelevance', 'classifier': 'naive_bayes'}",181
0.019906128675772385,0.004833044186786609,101.57196907997131,0.8908125400543213,both,{'vectorizer': 'use'},"{'C': 0.15716270267245863, 'multi': 'ClassifierChain', 'classifier': 'svm'}",182
0.0240767367606027,0.0074332272835326025,70.1918879032135,0.4586320400238037,body,{'vectorizer': 'use'},"{'C': 1.6691223047461823, 'multi': 'BinaryRelevance', 'classifier': 'logistic_regression'}",183
0.018477444413607796,0.004662114129120359,78.07042655944824,0.9645004272460938,both,{'vectorizer': 'use'},"{'C': 0.8312269748438195, 'multi': 'ClassifierChain', 'classifier': 'logistic_regression'}",184
0.0211235537054496,0.004418873318531064,99.58013491630554,0.38414645195007324,both,{'vectorizer': 'use'},"{'C': 0.2638318663917923, 'multi': 'BinaryRelevance', 'classifier': 'svm'}",185
0.025618955322645347,0.02561462042811914,5.659033584594726,0.10279169082641601,title,"{'max_df': 0.986707050271057, 'min_df': 0.03439373912119679, 'ngram_range': (1, 2), 'vectorizer': 'bow'}","{'C': 0.010223642411923705, 'multi': 'ClassifierChain', 'classifier': 'logistic_regression'}",186
0.015062929208613412,0.010661278869243798,30.913506698608398,0.44379239082336425,both,{'vectorizer': 'use'},"{'C': 0.015358302827861157, 'multi': 'BinaryRelevance', 'classifier': 'logistic_regression'}",187
0.024193940670994833,0.024129420185707635,17.465555715560914,0.5100049495697021,both,"{'max_df': 0.9640671584679159, 'min_df': 0.04614313755543979, 'ngram_range': (1, 3), 'vectorizer': 'tfidf'}","{'C': 0.07983422580644652, 'multi': 'BinaryRelevance', 'classifier': 'svm'}",189
0.01918360209715842,0.012176588392313541,57.56973562240601,0.923698902130127,body,{'vectorizer': 'use'},"{'C': 0.05511964789503762, 'multi': 'ClassifierChain', 'classifier': 'logistic_regression'}",190
0.01573077916142075,0.007921598199500791,52.23495259284973,0.46709389686584474,both,{'vectorizer': 'use'},"{'C': 0.07682826337249879, 'multi': 'BinaryRelevance', 'classifier': 'logistic_regression'}",191
0.025073877464734433,0.0076927298393036705,103.0494749546051,0.8067313194274902,both,{'vectorizer': 'use'},"{'C': 23.808252311204487, 'multi': 'ClassifierChain', 'classifier': 'svm'}",192
0.024616066697522455,0.024109736522045427,10.101624965667725,0.3711108207702637,both,"{'max_df': 0.9593570078638565, 'min_df': 0.049848529221203405, 'ngram_range': (1, 2), 'vectorizer': 'bow'}","{'C': 0.17204791426752142, 'multi': 'BinaryRelevance', 'classifier': 'logistic_regression'}",193
0.01788307609065321,0.009672371929460338,70.29069232940674,0.9086423873901367,title,{'vectorizer': 'use'},"{'C': 0.12109049421297191, 'multi': 'ClassifierChain', 'classifier': 'logistic_regression'}",194
0.031502311386151755,0.030222074538139965,32.30026030540466,0.305849552154541,both,"{'max_df': 0.9726803739933279, 'min_df': 0.0369238825628547, 'ngram_range': (1, 1), 'vectorizer': 'tfidf'}","{'C': 7.168277354987541, 'multi': 'ClassifierChain', 'classifier': 'svm'}",196
0.01866568213773909,0.013524605279151896,34.87171144485474,0.4356825351715088,body,{'vectorizer': 'use'},"{'C': 0.024834854396566863, 'multi': 'BinaryRelevance', 'classifier': 'logistic_regression'}",197
0.015050428871796057,0.010379836954721947,39.23632550239563,0.9441520214080811,both,{'vectorizer': 'use'},"{'C': 0.017959194624516804, 'multi': 'ClassifierChain', 'classifier': 'logistic_regression'}",198
0.024416306598394437,0.005440822422304439,101.77673635482788,0.37834773063659666,both,{'vectorizer': 'use'},"{'C': 2.5339624076146845, 'multi': 'BinaryRelevance', 'classifier': 'svm'}",199
0.020614653982082468,0.01719053669504239,22.860069131851198,0.44092402458190916,both,"{'max_df': 0.9561663044967667, 'min_df': 0.013577078645888377, 'ngram_range': (1, 1), 'vectorizer': 'bow'}","{'C': 0.012927037746387761, 'multi': 'ClassifierChain', 'classifier': 'logistic_regression'}",200
