validation_hamming_loss,training_hamming_loss,fit_time,test_time,params_data,params_vectorizer,params_lda,params_classifier,iteration
0.06413111781532835,0.06459374508879459,1.877413651999973,2.7419284770000445,title,"{'max_df': 0.9534963477609893, 'min_df': 0.03549345912607054, 'ngram_range': (1, 3)}",{'n_components': 35},ClassifierChain,1
0.07374110953058322,0.07126826968411126,0.6021780419999914,1.292574170000023,title,"{'max_df': 0.951620717172062, 'min_df': 0.04764621128742336, 'ngram_range': (1, 2)}",{'n_components': 25},BinaryRelevance,2
0.028042142778984883,0.028195819581958197,17.664910872999997,2.8676240550000216,title,"{'max_df': 0.984565116618598, 'min_df': 0.04804895626373317, 'ngram_range': (1, 2)}","{'doc_topic_prior': 0.5138200856158927, 'n_components': 35, 'topic_word_prior': 0.004329876036704857}",BinaryRelevance,3
0.028042142778984883,0.028195819581958197,16.563966393999976,2.8520619730000476,title,"{'max_df': 0.9553958306276664, 'min_df': 0.010837425718704701, 'ngram_range': (1, 3)}",{'n_components': 45},ClassifierChain,4
0.028042142778984883,0.028195819581958197,33.23615361399999,115.34896674600009,title,"{'max_df': 0.9725782878224837, 'min_df': 0.045563222583173295, 'ngram_range': (1, 1)}","{'doc_topic_prior': 3.094007864244481, 'n_components': 30, 'topic_word_prior': 1.0548777482285927}",BinaryRelevance,5
0.02621074515811358,0.026355492692126354,34.854010066,16.936487485000043,title,"{'max_df': 0.9786285304842813, 'min_df': 0.031064809485107696, 'ngram_range': (1, 3)}",{'n_components': 20},ClassifierChain,6
0.02677316993106467,0.026974697469746976,23.420944893999945,3.2199575749999667,title,"{'max_df': 0.9725840149256466, 'min_df': 0.03355583945223588, 'ngram_range': (1, 2)}",{'n_components': 20},BinaryRelevance,7
0.028042142778984883,0.028195819581958197,10.866233996999995,4.471350185000006,title,"{'max_df': 0.9793552994107522, 'min_df': 0.02688330343802789, 'ngram_range': (1, 3)}","{'doc_topic_prior': 0.2390452620936638, 'n_components': 40, 'topic_word_prior': 0.23468141668215992}",BinaryRelevance,8
0.02556359714254451,0.025649850699355648,21.64826065500006,3.2499913430000333,title,"{'max_df': 0.9510320434021408, 'min_df': 0.032831112107155926, 'ngram_range': (1, 1)}","{'doc_topic_prior': 0.1704965132605319, 'n_components': 40, 'topic_word_prior': 2.0293430718491496}",BinaryRelevance,9
0.026178544073280914,0.02628948609146629,81.61946132700007,4.88187270800006,title,"{'max_df': 0.9678060494112435, 'min_df': 0.029406302533045985, 'ngram_range': (1, 2)}","{'doc_topic_prior': 0.030390787275205566, 'n_components': 45, 'topic_word_prior': 0.0010005624563313635}",ClassifierChain,10
0.04831350726087568,0.048582429671538585,0.7373149639998928,5.376865007999982,title,"{'max_df': 0.9609885939534166, 'min_df': 0.033146573449135394, 'ngram_range': (1, 3)}",{'n_components': 15},BinaryRelevance,11
0.023251059040532724,0.021691026245481693,161.05398453899988,11.87556538900003,title,"{'max_df': 0.9779294991494683, 'min_df': 0.014361843178177802, 'ngram_range': (1, 1)}",{'n_components': 30},BinaryRelevance,12
0.028042142778984883,0.028195819581958197,10.126616118000129,5.688898899999913,title,"{'max_df': 0.9605059538210886, 'min_df': 0.03666393010622525, 'ngram_range': (1, 3)}","{'doc_topic_prior': 0.007294838665869604, 'n_components': 45, 'topic_word_prior': 0.040596659536163066}",ClassifierChain,13
0.028042142778984883,0.028195819581958197,21.12982373,3.107594486999915,title,"{'max_df': 0.9590346778556338, 'min_df': 0.013658231154124607, 'ngram_range': (1, 2)}","{'doc_topic_prior': 0.21971579766659097, 'n_components': 35, 'topic_word_prior': 0.0018558809056208798}",BinaryRelevance,14
0.028042142778984883,0.028195819581958197,12.15757307900003,1.9860680099998262,title,"{'max_df': 0.9817957310357887, 'min_df': 0.01443142629801743, 'ngram_range': (1, 1)}",{'n_components': 35},ClassifierChain,15
0.025590170853328747,0.025714285714285714,24.075472840000202,3.6755370999999286,title,"{'max_df': 0.9515477329720967, 'min_df': 0.023235338832493867, 'ngram_range': (1, 2)}","{'doc_topic_prior': 0.02027667744989153, 'n_components': 45, 'topic_word_prior': 0.0021356074070579163}",BinaryRelevance,16
0.2974010910853016,0.3075640421184976,4.338749690999975,5.349302143999921,title,"{'max_df': 0.9755097011104671, 'min_df': 0.025121913522787018, 'ngram_range': (1, 3)}",{'n_components': 30},ClassifierChain,17
0.028042142778984883,0.028195819581958197,31.045402142000057,5.798046897000177,title,"{'max_df': 0.9523954662324978, 'min_df': 0.037263902140738256, 'ngram_range': (1, 3)}","{'doc_topic_prior': 1.6398497257853852, 'n_components': 35, 'topic_word_prior': 0.4771678143394008}",ClassifierChain,18
0.02581745423850687,0.025928021373565927,145.803596428,62.601748012999906,title,"{'max_df': 0.9713962321142278, 'min_df': 0.022527443609729685, 'ngram_range': (1, 2)}",{'n_components': 45},BinaryRelevance,19
0.0295568442936864,0.029743831526009745,47.063477401,1.3706962369999474,title,"{'max_df': 0.9759926891390613, 'min_df': 0.04044756020304054, 'ngram_range': (1, 1)}",{'n_components': 25},ClassifierChain,20
0.023864755443702812,0.020485619990570487,367.5000687030001,26.78038173799996,title,"{'max_df': 0.9872780003146346, 'min_df': 0.010151370413221908, 'ngram_range': (1, 1)}","{'doc_topic_prior': 0.001465829069161418, 'n_components': 40, 'topic_word_prior': 7.799735818553592}",BinaryRelevance,21
0.025102152470573524,0.021592016344491594,245.30733265000003,26.519870661999903,title,"{'max_df': 0.9891089737861234, 'min_df': 0.010955733600660291, 'ngram_range': (1, 1)}","{'doc_topic_prior': 0.0017395375492375014, 'n_components': 25, 'topic_word_prior': 7.882938059681713}",BinaryRelevance,22
0.026293905241273664,0.023105453402483104,194.62125199799993,23.234146625999983,title,"{'max_df': 0.9889182572610841, 'min_df': 0.012250530738412141, 'ngram_range': (1, 1)}","{'doc_topic_prior': 0.001006694006652501, 'n_components': 20, 'topic_word_prior': 9.3989162735304}",BinaryRelevance,23
0.025337876916824285,0.02554141128398554,205.26009678899982,15.85273822299996,title,"{'max_df': 0.9796802854003162, 'min_df': 0.02083927429014551, 'ngram_range': (1, 2)}",{'n_components': 40},BinaryRelevance,24
0.023636846794741533,0.02171774320289172,139.25580043299988,17.608710706000238,title,"{'max_df': 0.9638136729089145, 'min_df': 0.013321274391633674, 'ngram_range': (1, 1)}","{'doc_topic_prior': 0.003678817752270427, 'n_components': 50, 'topic_word_prior': 0.06696430678589954}",BinaryRelevance,25
0.023805355384302753,0.023778092094923778,26.55950834899977,11.184301645000232,title,"{'max_df': 0.9613531747142748, 'min_df': 0.017668043413256035, 'ngram_range': (1, 1)}",{'n_components': 30},BinaryRelevance,26
0.02711143763775343,0.027243438629577243,28.633861173999776,108.35798564800007,title,"{'max_df': 0.9633904241489327, 'min_df': 0.04721718660382292, 'ngram_range': (1, 2)}",{'n_components': 30},BinaryRelevance,27
0.026381442170915856,0.026434071978626433,28.152164935999735,4.889586001000225,title,"{'max_df': 0.9682632705274657, 'min_df': 0.042539505177978845, 'ngram_range': (1, 1)}","{'doc_topic_prior': 8.214939581241211, 'n_components': 50, 'topic_word_prior': 0.03137919960081556}",BinaryRelevance,28
0.024348709611867508,0.024384724186704385,64.913380254,6.78775596100013,title,"{'max_df': 0.9897417144185281, 'min_df': 0.020454123199091335, 'ngram_range': (1, 1)}",{'n_components': 50},BinaryRelevance,29
0.02309255467150204,0.022553826811252554,83.35590545500008,9.278358372999719,title,"{'max_df': 0.95657849951232, 'min_df': 0.016492738530003652, 'ngram_range': (1, 2)}","{'doc_topic_prior': 0.006436668792212351, 'n_components': 50, 'topic_word_prior': 0.007557041930101616}",BinaryRelevance,30
0.027086427086427087,0.027169574100267168,53.90719134799974,236.28643992199977,title,"{'max_df': 0.9897734737854808, 'min_df': 0.01818863407465651, 'ngram_range': (1, 1)}",{'n_components': 50},BinaryRelevance,31
0.028042142778984883,0.028195819581958197,39.81334615200012,31.440097270000024,title,"{'max_df': 0.9662637619405612, 'min_df': 0.042574727128045116, 'ngram_range': (1, 1)}",{'n_components': 30},BinaryRelevance,32
0.025294733715786347,0.024263712085494264,40.73698279700011,6.951477784999952,title,"{'max_df': 0.9854798467948889, 'min_df': 0.01615483756224777, 'ngram_range': (1, 1)}","{'doc_topic_prior': 0.046493412166432234, 'n_components': 15, 'topic_word_prior': 0.008826345071916155}",BinaryRelevance,33
0.025683335157019368,0.025706427785635706,73.4775671440002,5.2352381000000605,title,"{'max_df': 0.9563456997139448, 'min_df': 0.039809643267814415, 'ngram_range': (1, 2)}",{'n_components': 40},BinaryRelevance,34
0.025235021024494708,0.025354392582115356,75.09012607499972,256.5113838320003,title,"{'max_df': 0.9635742421900879, 'min_df': 0.010027106161241143, 'ngram_range': (1, 1)}","{'doc_topic_prior': 0.007661176747061564, 'n_components': 50, 'topic_word_prior': 0.014909862315902998}",BinaryRelevance,35
0.02515873884294937,0.025063649222065065,79.68832193200069,33.51075682499959,title,"{'max_df': 0.9798118378198182, 'min_df': 0.026373365339052938, 'ngram_range': (1, 1)}",{'n_components': 15},BinaryRelevance,36
0.023457396088975038,0.022534967782492536,56.689682542999435,6.916616782999881,title,"{'max_df': 0.9727055383501186, 'min_df': 0.01714700136653589, 'ngram_range': (1, 2)}","{'doc_topic_prior': 0.7813309792945251, 'n_components': 50, 'topic_word_prior': 0.19384166560089966}",BinaryRelevance,37
0.027856752067278383,0.027916077322017917,71.29760566000004,10.630115809999552,title,"{'max_df': 0.9867316024847095, 'min_df': 0.042193296038703365, 'ngram_range': (1, 1)}",{'n_components': 30},ClassifierChain,38
0.025063073484126116,0.02497092566399497,37.71565058099986,109.653368194,title,"{'max_df': 0.9565388751302704, 'min_df': 0.026867504295157378, 'ngram_range': (1, 2)}","{'doc_topic_prior': 0.07185025875514905, 'n_components': 25, 'topic_word_prior': 0.010076137837409977}",BinaryRelevance,39
0.02150813624497835,0.020825082508250825,131.3069557460003,26.256687373000204,title,"{'max_df': 0.9644580941625673, 'min_df': 0.01117849367056174, 'ngram_range': (1, 1)}",{'n_components': 25},BinaryRelevance,40
0.028042142778984883,0.028195819581958197,35.67586919899986,18.061998266000046,title,"{'max_df': 0.9797212411532794, 'min_df': 0.049674226800992705, 'ngram_range': (1, 2)}","{'doc_topic_prior': 0.013498637891985488, 'n_components': 30, 'topic_word_prior': 2.7066318698444514}",BinaryRelevance,41
0.021501570975255187,0.020881659594530883,129.19085755600008,22.27999610900042,title,"{'max_df': 0.9573958909390872, 'min_df': 0.01025351070755507, 'ngram_range': (1, 1)}",{'n_components': 25},ClassifierChain,42
0.02146593093961515,0.020856514222850855,128.27326097999958,22.178935076000016,title,"{'max_df': 0.9576719989599031, 'min_df': 0.01033515539094055, 'ngram_range': (1, 1)}",{'n_components': 25},ClassifierChain,43
0.023144764197395775,0.023011158258683013,69.38774521100004,21.76583903899973,title,"{'max_df': 0.9585901204233253, 'min_df': 0.01770765165260582, 'ngram_range': (1, 1)}",{'n_components': 25},ClassifierChain,44
0.026584340268550794,0.02666666666666667,49.784255782999935,21.71119439800077,title,"{'max_df': 0.9500171868411609, 'min_df': 0.021916396815272486, 'ngram_range': (1, 1)}",{'n_components': 25},ClassifierChain,45
0.021494380441748864,0.020776363350620778,124.7784516290003,18.668695127999854,title,"{'max_df': 0.9553623853415454, 'min_df': 0.010256284568329612, 'ngram_range': (1, 1)}",{'n_components': 25},ClassifierChain,46
0.023553686711581447,0.023484205563413484,45.311067530999935,19.080363244000182,title,"{'max_df': 0.9618962391325409, 'min_df': 0.019438720490725585, 'ngram_range': (1, 1)}",{'n_components': 25},ClassifierChain,47
0.02553983711878449,0.02560898947037561,73.19014715999947,25.733121778000168,title,"{'max_df': 0.9541537924695517, 'min_df': 0.0246289655129139, 'ngram_range': (1, 3)}",{'n_components': 25},ClassifierChain,48
0.02214715583136636,0.021546440358321546,95.14686966600038,28.87112940500083,title,"{'max_df': 0.9501984192681615, 'min_df': 0.012633977696338203, 'ngram_range': (1, 1)}",{'n_components': 35},ClassifierChain,49
0.047411251621777936,0.048151815181518155,0.8114935200001128,2.693029494000257,title,"{'max_df': 0.9532120900444603, 'min_df': 0.02815993297567827, 'ngram_range': (1, 1)}",{'n_components': 45},ClassifierChain,50
0.023214481109217953,0.022542825711142543,272.79920659600066,61.1231030150002,title,"{'max_df': 0.9560671313748691, 'min_df': 0.01510275163479504, 'ngram_range': (1, 1)}",{'n_components': 25},ClassifierChain,51
0.03667859878386194,0.03635706427785636,0.8214016730007643,2.007116507000319,title,"{'max_df': 0.9685028108191354, 'min_df': 0.03745470264480609, 'ngram_range': (1, 3)}",{'n_components': 15},ClassifierChain,52
0.02711143763775343,0.027243438629577243,49.23536757799957,21.56231554399983,title,"{'max_df': 0.952515890674472, 'min_df': 0.045674224723718064, 'ngram_range': (1, 2)}",{'n_components': 20},ClassifierChain,53
0.025524518156097104,0.02560898947037561,78.87272031599969,28.367706347999956,title,"{'max_df': 0.9613139664386945, 'min_df': 0.033075242735564774, 'ngram_range': (1, 3)}",{'n_components': 50},ClassifierChain,54
0.039397245713035184,0.040194876630520196,1.0491663019993211,15.141066735000095,title,"{'max_df': 0.9552021417272706, 'min_df': 0.016932381738350544, 'ngram_range': (1, 2)}",{'n_components': 40},ClassifierChain,55
0.024634142528879372,0.024655036932264656,44.444469140000365,1.652747651000027,title,"{'max_df': 0.9513425876780419, 'min_df': 0.012069414819503953, 'ngram_range': (1, 1)}",{'n_components': 20},ClassifierChain,56
0.025524518156097104,0.02560898947037561,108.03592541099988,26.561637304000214,title,"{'max_df': 0.9641684085531355, 'min_df': 0.03187013113015175, 'ngram_range': (1, 1)}",{'n_components': 35},ClassifierChain,57
0.028042142778984883,0.028195819581958197,44.12189183400005,174.23013203999926,title,"{'max_df': 0.9701941919417792, 'min_df': 0.04897996153873131, 'ngram_range': (1, 2)}",{'n_components': 25},ClassifierChain,58
0.02422459475091054,0.02424956781392425,139.63504854800067,43.22949400400012,title,"{'max_df': 0.9575391972812722, 'min_df': 0.021258211933815684, 'ngram_range': (1, 3)}",{'n_components': 25},ClassifierChain,59
0.022013349381770433,0.02199277070564199,58.20381823599928,2.592556233000323,title,"{'max_df': 0.9730209777255721, 'min_df': 0.010029185916181491, 'ngram_range': (1, 1)}",{'n_components': 45},ClassifierChain,60
0.04901943007206165,0.050344177274870346,0.654915085000539,3.976736931999767,title,"{'max_df': 0.9667083244037608, 'min_df': 0.02313087860867996, 'ngram_range': (1, 2)}",{'n_components': 15},ClassifierChain,61
0.025540149750676068,0.02562942008486563,104.37814897899989,27.856545118999748,title,"{'max_df': 0.9598400478118996, 'min_df': 0.02955667671254597, 'ngram_range': (1, 3)}",{'n_components': 20},ClassifierChain,62
0.03545308176887124,0.03517208863743517,110.40708842700042,453.081271989,title,"{'max_df': 0.9628267309072153, 'min_df': 0.01358830394786828, 'ngram_range': (1, 1)}",{'n_components': 35},ClassifierChain,63
0.023449580291685555,0.023265755146943266,119.08705606300009,36.72298128700004,title,"{'max_df': 0.9564639676944837, 'min_df': 0.019279604898735356, 'ngram_range': (1, 1)}",{'n_components': 25},ClassifierChain,64
0.028042142778984883,0.028195819581958197,24.252727201999733,6.237391554999704,title,"{'max_df': 0.954301877255282, 'min_df': 0.02694904059098105, 'ngram_range': (1, 2)}",{'n_components': 40},ClassifierChain,65
0.021467181467181465,0.020853371051390852,128.8357654319998,22.301935196999693,title,"{'max_df': 0.9576222556783577, 'min_df': 0.010408097052856037, 'ngram_range': (1, 1)}",{'n_components': 25},ClassifierChain,66
0.02313976208713051,0.022986012887002985,63.17716920799921,21.841582340999594,title,"{'max_df': 0.9510012210091496, 'min_df': 0.01566201755444985, 'ngram_range': (1, 1)}",{'n_components': 25},ClassifierChain,67
0.0220274178168915,0.02157158573000157,116.00912703199901,22.638002267000047,title,"{'max_df': 0.9587156239944419, 'min_df': 0.012258667707015706, 'ngram_range': (1, 1)}",{'n_components': 25},ClassifierChain,68
0.02318571897519266,0.022003771805752005,336.9020676990003,68.77192919200024,title,"{'max_df': 0.9607249184080008, 'min_df': 0.013472621161327986, 'ngram_range': (1, 1)}",{'n_components': 25},ClassifierChain,69
0.021368077157550843,0.02096023888103096,66.13345229100014,18.087452388999736,title,"{'max_df': 0.9524680521343607, 'min_df': 0.011611464487358746, 'ngram_range': (1, 1)}",{'n_components': 50},ClassifierChain,70
0.0237593984962406,0.023573785950023574,74.41480760400009,17.72309372899872,title,"{'max_df': 0.9516857908353317, 'min_df': 0.014630100318423232, 'ngram_range': (1, 1)}",{'n_components': 50},ClassifierChain,71
0.024549106654369813,0.024623605217664622,53.120086345001255,54.10204229400006,title,"{'max_df': 0.964782580996815, 'min_df': 0.018740353561237603, 'ngram_range': (1, 1)}",{'n_components': 50},ClassifierChain,72
0.023796601691338532,0.023831526009743833,37.581773206000435,28.268087624001055,title,"{'max_df': 0.9526267565211647, 'min_df': 0.016553436539248283, 'ngram_range': (1, 1)}",{'n_components': 50},ClassifierChain,73
0.026461163303268566,0.026493792236366494,124.93345743400096,482.1617462840004,title,"{'max_df': 0.9736854830109805, 'min_df': 0.02376890185850008, 'ngram_range': (1, 1)}",{'n_components': 50},ClassifierChain,74
0.05900051584262111,0.058203677510608204,0.9605176719996962,3.354583057000127,title,"{'max_df': 0.9574300978568768, 'min_df': 0.020310267574694674, 'ngram_range': (1, 1)}",{'n_components': 45},ClassifierChain,75
0.023841933315617528,0.023487348734873487,71.17556446900016,18.418437658001494,title,"{'max_df': 0.9622204134079466, 'min_df': 0.010041902681911187, 'ngram_range': (1, 1)}","{'doc_topic_prior': 8.459084899607722, 'n_components': 20, 'topic_word_prior': 0.12208593799672891}",ClassifierChain,76
0.028042142778984883,0.028195819581958197,27.828930572999525,7.888523470999644,title,"{'max_df': 0.9836155549672039, 'min_df': 0.035227768163716776, 'ngram_range': (1, 3)}",{'n_components': 50},ClassifierChain,77
0.02163068794647742,0.021265126512651264,37.42424498100081,12.585501079000096,title,"{'max_df': 0.9666529735374262, 'min_df': 0.011648729510397828, 'ngram_range': (1, 3)}",{'n_components': 30},ClassifierChain,78
0.02316446000656527,0.02295929592959296,78.4384812290009,26.026239058999636,title,"{'max_df': 0.968376512666312, 'min_df': 0.017896374583681, 'ngram_range': (1, 1)}",{'n_components': 15},ClassifierChain,79
0.04767948978475294,0.04783121169259783,47.85918614599905,171.52542789299878,title,"{'max_df': 0.953856885321395, 'min_df': 0.03565116182572588, 'ngram_range': (1, 1)}","{'doc_topic_prior': 4.058305474950616, 'n_components': 15, 'topic_word_prior': 0.6893003171225551}",ClassifierChain,80
0.025524518156097104,0.02560898947037561,31.502601907999633,12.89165398499972,title,"{'max_df': 0.968658874916192, 'min_df': 0.025959352161502528, 'ngram_range': (1, 3)}",{'n_components': 40},ClassifierChain,81
0.026243258874837822,0.026297344020116298,37.140129389999856,13.152278628000204,title,"{'max_df': 0.9592673209580164, 'min_df': 0.03931509008375307, 'ngram_range': (1, 2)}",{'n_components': 50},ClassifierChain,82
0.028042142778984883,0.028195819581958197,2.0777042520003306,2.6296108669994283,title,"{'max_df': 0.9653599955288271, 'min_df': 0.013433527367120328, 'ngram_range': (1, 1)}",{'n_components': 35},ClassifierChain,83
0.028042142778984883,0.028195819581958197,47.111897957998735,4.022906909000085,title,"{'max_df': 0.9701567481198687, 'min_df': 0.015461156558162522, 'ngram_range': (1, 1)}","{'doc_topic_prior': 0.752369962538647, 'n_components': 30, 'topic_word_prior': 3.436234547192355}",ClassifierChain,84
0.026258577837525207,0.02641049819267641,142.63111259499965,47.97783240199897,title,"{'max_df': 0.976436387889356, 'min_df': 0.03025685718896473, 'ngram_range': (1, 3)}",{'n_components': 20},ClassifierChain,85
0.021455614087193035,0.020936665095080936,359.3791129399997,44.20637161599916,title,"{'max_df': 0.9500177504122462, 'min_df': 0.011040284869045439, 'ngram_range': (1, 3)}",{'n_components': 45},ClassifierChain,86
0.025236896815844186,0.02523180889517523,282.2881130040005,45.60951778299932,title,"{'max_df': 0.9507297103105171, 'min_df': 0.0171504488787739, 'ngram_range': (1, 3)}",{'n_components': 45},ClassifierChain,87
0.025139668297563034,0.025038503850385037,69.790684091,8.304241099998762,title,"{'max_df': 0.9500042170142792, 'min_df': 0.020425460492499894, 'ngram_range': (1, 3)}","{'doc_topic_prior': 0.0027775891391171666, 'n_components': 15, 'topic_word_prior': 0.028292970147165846}",ClassifierChain,88
0.028042142778984883,0.028195819581958197,63.608100743998875,244.44713099799992,title,"{'max_df': 0.9843326451814429, 'min_df': 0.04964136365206804, 'ngram_range': (1, 3)}",{'n_components': 45},ClassifierChain,89
0.053994028730870836,0.05261040389753261,1.151556797000012,2.925387995001074,title,"{'max_df': 0.9803493443251118, 'min_df': 0.045081904892850744, 'ngram_range': (1, 3)}",{'n_components': 45},ClassifierChain,90
0.025545777124724493,0.02561999057048562,86.09189002200037,60.96667233500011,title,"{'max_df': 0.9548041558169651, 'min_df': 0.025845646000820007, 'ngram_range': (1, 3)}",{'n_components': 45},ClassifierChain,91
0.02636143372985478,0.026476504793336478,39.258960679000666,4.298629843000526,title,"{'max_df': 0.9522910848024134, 'min_df': 0.011052569059106536, 'ngram_range': (1, 3)}","{'doc_topic_prior': 0.07971630365455908, 'n_components': 25, 'topic_word_prior': 0.0034558946884752336}",ClassifierChain,92
0.025776812092601565,0.025813295615275813,202.5828610030003,39.38332940699911,title,"{'max_df': 0.9834825566454957, 'min_df': 0.022026316032988255, 'ngram_range': (1, 3)}",{'n_components': 30},ClassifierChain,93
0.02711143763775343,0.027243438629577243,117.47120274900044,33.12116047999916,title,"{'max_df': 0.9655108198978075, 'min_df': 0.04246149871802484, 'ngram_range': (1, 3)}",{'n_components': 45},ClassifierChain,94
0.023542744595376173,0.02338205249096338,31.20942046700111,8.003309781001008,title,"{'max_df': 0.955773180106384, 'min_df': 0.014077031107469176, 'ngram_range': (1, 3)}",{'n_components': 50},BinaryRelevance,95
0.022375689744110798,0.02185918591859186,212.58788921000087,43.374213753999356,title,"{'max_df': 0.9745572556253539, 'min_df': 0.012664823362723685, 'ngram_range': (1, 3)}",{'n_components': 45},ClassifierChain,96
0.04767948978475294,0.04783121169259783,50.58801668200067,174.38735711500158,title,"{'max_df': 0.9534757798114326, 'min_df': 0.03049361836290771, 'ngram_range': (1, 2)}","{'doc_topic_prior': 1.708305346609529, 'n_components': 20, 'topic_word_prior': 0.0010876334379753823}",ClassifierChain,97
0.05295421505947822,0.053971397139713974,0.8594760060004774,2.6371557369984657,title,"{'max_df': 0.9633477571352467, 'min_df': 0.0273362157795715, 'ngram_range': (1, 3)}",{'n_components': 15},ClassifierChain,98
0.02531880637143795,0.025337105139085336,132.0926400570006,44.96162638699934,title,"{'max_df': 0.9752196377646281, 'min_df': 0.021716082273933325, 'ngram_range': (1, 3)}",{'n_components': 40},BinaryRelevance,99
0.02507307770465665,0.025437686625805436,23.680916024000908,2.322169050999946,title,"{'max_df': 0.9568056873395901, 'min_df': 0.01590630242945453, 'ngram_range': (1, 3)}",{'n_components': 35},ClassifierChain,100
0.025540149750676068,0.02562942008486563,96.3804075019998,26.84103627299919,title,"{'max_df': 0.9768338715337869, 'min_df': 0.03436911613362791, 'ngram_range': (1, 2)}",{'n_components': 20},ClassifierChain,101
0.025528895002579214,0.02561213264183561,53.274628104998556,34.2904702449996,title,"{'max_df': 0.9611659387453739, 'min_df': 0.024590073763767425, 'ngram_range': (1, 3)}",{'n_components': 30},BinaryRelevance,102
0.025542025542025542,0.025582272512965583,91.94583721500021,10.51886020100028,title,"{'max_df': 0.95992230641041, 'min_df': 0.02862326054034347, 'ngram_range': (1, 3)}","{'doc_topic_prior': 0.34070489211095095, 'n_components': 35, 'topic_word_prior': 0.3265132415860742}",ClassifierChain,103
0.0255592202960624,0.02564199277070564,40.57260105500063,22.83640199799993,title,"{'max_df': 0.9854204405261443, 'min_df': 0.02973114306724034, 'ngram_range': (1, 1)}",{'n_components': 50},ClassifierChain,104
0.03358385568911885,0.03329404369008329,102.82838487500157,297.2692039470003,title,"{'max_df': 0.9714102105958382, 'min_df': 0.011372623388241384, 'ngram_range': (1, 2)}",{'n_components': 45},ClassifierChain,105
0.03789411157832211,0.03763790664780764,0.445353179000449,1.5337620790014626,title,"{'max_df': 0.9547192176549619, 'min_df': 0.031741641976338275, 'ngram_range': (1, 1)}",{'n_components': 15},ClassifierChain,106
0.02335485282853704,0.022154644035832154,78.4431660700011,15.797997468000176,title,"{'max_df': 0.9583652386033017, 'min_df': 0.01276362310443808, 'ngram_range': (1, 3)}",{'n_components': 50},BinaryRelevance,107
0.023428633954949745,0.023308187961653307,142.08317219499986,41.146980661998896,title,"{'max_df': 0.951693659069349, 'min_df': 0.018775131322259962, 'ngram_range': (1, 1)}","{'doc_topic_prior': 0.13157033334486362, 'n_components': 25, 'topic_word_prior': 1.2980996293599638}",ClassifierChain,108
0.031345723977302925,0.03123212321232123,76.1554957770004,2.1489113719999295,title,"{'max_df': 0.9714917802797174, 'min_df': 0.04414652429232878, 'ngram_range': (1, 2)}",{'n_components': 40},ClassifierChain,109
0.02301314617104091,0.022888574571742887,105.83815311099897,37.160160628000085,title,"{'max_df': 0.950119457818737, 'min_df': 0.01469399114089066, 'ngram_range': (1, 1)}",{'n_components': 35},ClassifierChain,110
0.027273380957591485,0.027573471632877572,331.4366169470013,18.652979694999885,title,"{'max_df': 0.9874582520755918, 'min_df': 0.023261395724998975, 'ngram_range': (1, 2)}",{'n_components': 20},ClassifierChain,111
0.02309755678176731,0.02293886531510294,72.06425803099955,25.872355916999368,title,"{'max_df': 0.9525901910143312, 'min_df': 0.016935591914769777, 'ngram_range': (1, 1)}",{'n_components': 25},BinaryRelevance,112
0.04767948978475294,0.04783121169259783,77.0769942980005,268.8685602559999,title,"{'max_df': 0.9555957630334652, 'min_df': 0.02112302088374094, 'ngram_range': (1, 3)}","{'doc_topic_prior': 4.957665070124233, 'n_components': 30, 'topic_word_prior': 0.07641158581407535}",ClassifierChain,113
0.02711143763775343,0.027243438629577243,39.6662624060009,17.52065925399984,title,"{'max_df': 0.9548167868939021, 'min_df': 0.046081757341613516, 'ngram_range': (1, 1)}",{'n_components': 45},ClassifierChain,114
0.07110218373376267,0.06878987898789879,9.711918454000624,2.979273287999604,title,"{'max_df': 0.9675234593030491, 'min_df': 0.0420387003974441, 'ngram_range': (1, 1)}",{'n_components': 50},ClassifierChain,115
0.02474887843308896,0.024774477447744775,162.67752189299972,43.81671149200156,title,"{'max_df': 0.9622734690989944, 'min_df': 0.019922019612539723, 'ngram_range': (1, 1)}",{'n_components': 30},ClassifierChain,116
0.025465743360480204,0.02558070092723558,11.307238874000177,1.4230363440001383,title,"{'max_df': 0.9533298376760929, 'min_df': 0.017893737360248893, 'ngram_range': (1, 3)}",{'n_components': 25},BinaryRelevance,117
0.022477607740765636,0.02160930378752161,532.0528396630016,61.663973315000476,title,"{'max_df': 0.9582737759037564, 'min_df': 0.010792958367619525, 'ngram_range': (1, 1)}","{'doc_topic_prior': 1.5664039466857826, 'n_components': 15, 'topic_word_prior': 4.078828762292436}",ClassifierChain,118
0.02711143763775343,0.027243438629577243,106.31281148900234,7.702575137998792,title,"{'max_df': 0.9565112227413718, 'min_df': 0.047556589440023125, 'ngram_range': (1, 2)}",{'n_components': 45},ClassifierChain,119
0.025524518156097104,0.02560898947037561,38.434927367001364,18.37984366299861,title,"{'max_df': 0.9818551853177426, 'min_df': 0.03936898265703384, 'ngram_range': (1, 3)}",{'n_components': 15},ClassifierChain,120
0.042388195019773964,0.042396668238252395,164.02928804900148,657.0646100299964,title,"{'max_df': 0.9691854824710324, 'min_df': 0.03741584358967425, 'ngram_range': (1, 1)}",{'n_components': 50},ClassifierChain,121
0.022520438309911996,0.021901618733301903,108.75375234300009,21.233317579997674,title,"{'max_df': 0.9659150296199805, 'min_df': 0.01316540561777318, 'ngram_range': (1, 1)}",{'n_components': 25},BinaryRelevance,122
0.028042142778984883,0.028195819581958197,12.36483351499919,5.901180225999269,title,"{'max_df': 0.9508264831381815, 'min_df': 0.014915391420611625, 'ngram_range': (1, 3)}","{'doc_topic_prior': 0.3846110815243007, 'n_components': 40, 'topic_word_prior': 0.004235067192013863}",ClassifierChain,123
0.023149141043877886,0.023011158258683013,123.69759713799795,34.21343181500197,title,"{'max_df': 0.9602231473425771, 'min_df': 0.01635676803641281, 'ngram_range': (1, 1)}",{'n_components': 40},ClassifierChain,124
0.023115064167695747,0.023066163759233066,55.146869979002076,1.8497596170018369,title,"{'max_df': 0.9594019784413653, 'min_df': 0.014780701680424193, 'ngram_range': (1, 1)}",{'n_components': 35},ClassifierChain,125
0.02186672502461976,0.02126198334119126,97.38185542800056,27.04941469700134,title,"{'max_df': 0.9517300491206426, 'min_df': 0.011636434425165846, 'ngram_range': (1, 1)}",{'n_components': 20},ClassifierChain,126
0.025824332140121614,0.025862014772905863,194.72217780900246,10.599026152001898,title,"{'max_df': 0.959197090656759, 'min_df': 0.021530679705776885, 'ngram_range': (1, 3)}",{'n_components': 50},BinaryRelevance,127
0.02119175277070014,0.0202011629734402,250.64142877000268,50.601041276000615,title,"{'max_df': 0.9541277188940844, 'min_df': 0.010009524232630178, 'ngram_range': (1, 2)}",{'n_components': 25},ClassifierChain,128
0.02383911962859331,0.023723086594373725,162.5415778509996,59.57299434000015,title,"{'max_df': 0.9785322384977913, 'min_df': 0.018798416123745647, 'ngram_range': (1, 2)}","{'doc_topic_prior': 0.042415919684644414, 'n_components': 45, 'topic_word_prior': 1.2875701744141428}",ClassifierChain,129
0.02583339846497741,0.025932736130755932,163.09236144199895,617.0268829849992,title,"{'max_df': 0.974425114366549, 'min_df': 0.030394134042569538, 'ngram_range': (1, 2)}",{'n_components': 45},ClassifierChain,130
0.2974010910853016,0.3075640421184976,4.320313604999683,5.285370269997657,title,"{'max_df': 0.988724573935956, 'min_df': 0.025267206044576135, 'ngram_range': (1, 2)}",{'n_components': 30},ClassifierChain,131
0.02281399965610492,0.022489391796322488,63.16041954699904,41.32133817800059,title,"{'max_df': 0.9716586409625414, 'min_df': 0.013918817112267914, 'ngram_range': (1, 2)}",{'n_components': 25},BinaryRelevance,132
0.027968361652572177,0.028095238095238097,148.14759922899975,80.45529841299867,title,"{'max_df': 0.9541118026685667, 'min_df': 0.022690825210494706, 'ngram_range': (1, 2)}",{'n_components': 50},ClassifierChain,133
0.028042142778984883,0.028195819581958197,23.7411307830007,4.625706504000846,title,"{'max_df': 0.9632488277777586, 'min_df': 0.03995352754234943, 'ngram_range': (1, 2)}","{'doc_topic_prior': 0.018075814767366933, 'n_components': 40, 'topic_word_prior': 0.14128918765633444}",ClassifierChain,134
0.02555140449877292,0.02564199277070564,165.5873464610013,25.299091515000327,title,"{'max_df': 0.9502790193476184, 'min_df': 0.02358021599376686, 'ngram_range': (1, 3)}",{'n_components': 45},ClassifierChain,135
0.02498929235771341,0.025065220807795066,93.11366883400115,46.542525793000095,title,"{'max_df': 0.9827972579389599, 'min_df': 0.02406581688332366, 'ngram_range': (1, 2)}",{'n_components': 15},ClassifierChain,136
0.021156425366951684,0.019959138771019957,167.54312992300038,51.17251361200033,title,"{'max_df': 0.9567966591296269, 'min_df': 0.010038309496671628, 'ngram_range': (1, 2)}",{'n_components': 25},BinaryRelevance,137
0.028042142778984883,0.028195819581958197,34.74942640399968,127.64948339400144,title,"{'max_df': 0.9646351564802484, 'min_df': 0.012125298826704527, 'ngram_range': (1, 2)}",{'n_components': 25},BinaryRelevance,138
0.023330467540993858,0.02291686311488292,97.04033632700157,53.34113053299734,title,"{'max_df': 0.9569551196321825, 'min_df': 0.017398336381466945, 'ngram_range': (1, 2)}","{'doc_topic_prior': 0.7154890584054404, 'n_components': 35, 'topic_word_prior': 0.0171877885508179}",BinaryRelevance,139
0.06673846779109938,0.06602231651736602,0.48616584699993837,1.1096142870010226,title,"{'max_df': 0.967253989528141, 'min_df': 0.03343037311854904, 'ngram_range': (1, 1)}",{'n_components': 25},BinaryRelevance,140
0.027078611289137605,0.02712871287128713,83.01095166800224,46.440450088000944,title,"{'max_df': 0.9614066944409104, 'min_df': 0.03341667477494429, 'ngram_range': (1, 2)}",{'n_components': 25},BinaryRelevance,141
0.023383614962562332,0.02335062077636335,27.59254829800193,1.2825579279997328,title,"{'max_df': 0.9552174551053678, 'min_df': 0.015519726883709785, 'ngram_range': (1, 2)}",{'n_components': 25},BinaryRelevance,142
0.02139840245103403,0.020254596888260253,237.33130850100133,50.99175299600029,title,"{'max_df': 0.9640539744881618, 'min_df': 0.010254249918543682, 'ngram_range': (1, 2)}",{'n_components': 25},BinaryRelevance,143
0.025544213965266595,0.025582272512965583,52.94563644700247,5.84317973799989,title,"{'max_df': 0.9674731325573506, 'min_df': 0.028769738097923825, 'ngram_range': (1, 2)}","{'doc_topic_prior': 0.0030857960294427595, 'n_components': 20, 'topic_word_prior': 0.6309128907747774}",BinaryRelevance,144
0.023423006580901316,0.02333019016187333,27.42395887499879,16.54846953500237,title,"{'max_df': 0.9774426206288332, 'min_df': 0.019543996921514012, 'ngram_range': (1, 3)}",{'n_components': 25},BinaryRelevance,145
0.02177887546308599,0.020927235580700927,200.50897484500092,50.983060470000055,title,"{'max_df': 0.960634626866994, 'min_df': 0.01208799168636046, 'ngram_range': (1, 2)}",{'n_components': 25},BinaryRelevance,146
0.021403717193190876,0.020265597988370264,239.10721960599767,50.899834308998834,title,"{'max_df': 0.9579754602095394, 'min_df': 0.010412885050862767, 'ngram_range': (1, 2)}",{'n_components': 25},BinaryRelevance,147
0.022888718678192362,0.02235895018073236,132.13637333000224,50.75482587199804,title,"{'max_df': 0.969468251066521, 'min_df': 0.014399490953037162, 'ngram_range': (1, 2)}",{'n_components': 25},BinaryRelevance,148
0.022507307770465664,0.02192833569071193,132.12553420900076,38.606053032999625,title,"{'max_df': 0.9640684391877471, 'min_df': 0.01302203432153852, 'ngram_range': (1, 2)}",{'n_components': 25},BinaryRelevance,149
0.023432072905757117,0.02325946880402326,108.879676028002,46.454113407002296,title,"{'max_df': 0.9625340587030605, 'min_df': 0.019644173089534735, 'ngram_range': (1, 2)}",{'n_components': 25},BinaryRelevance,150
0.022997201944570365,0.022945151658022946,60.08516621399758,32.28612297500149,title,"{'max_df': 0.9591822024463935, 'min_df': 0.01625519850415624, 'ngram_range': (1, 2)}",{'n_components': 25},BinaryRelevance,151
0.021650383755646912,0.021475719000471474,39.135893110000325,16.607484125001065,title,"{'max_df': 0.9655949751391742, 'min_df': 0.010585611348573816, 'ngram_range': (1, 2)}",{'n_components': 25},BinaryRelevance,152
0.022683632157316367,0.022495678139242494,23.138664689999132,11.770317750000686,title,"{'max_df': 0.9530035927007193, 'min_df': 0.013656996205480009, 'ngram_range': (1, 2)}",{'n_components': 40},BinaryRelevance,153
0.02099667047035468,0.019938708156529938,105.05721529600123,17.659133806999307,title,"{'max_df': 0.9563808598411955, 'min_df': 0.010015033586243002, 'ngram_range': (1, 2)}",{'n_components': 35},BinaryRelevance,154
0.021421224579119318,0.020594059405940595,84.40010614900166,17.1184823850017,title,"{'max_df': 0.9558995047872243, 'min_df': 0.011324518803638125, 'ngram_range': (1, 2)}",{'n_components': 35},BinaryRelevance,155
0.021011676801150486,0.01996699669966997,88.59670207399904,17.41982809000183,title,"{'max_df': 0.9543938977154766, 'min_df': 0.01005057796255397, 'ngram_range': (1, 2)}",{'n_components': 35},BinaryRelevance,156
0.023262626420521158,0.02305830583058306,34.369055336999736,16.659215084997413,title,"{'max_df': 0.9542658942099841, 'min_df': 0.01510875296519442, 'ngram_range': (1, 2)}",{'n_components': 35},BinaryRelevance,157
0.023023150391571445,0.02301744460160302,49.918852489998244,162.1134209769989,title,"{'max_df': 0.9568784468996498, 'min_df': 0.010014288206861404, 'ngram_range': (1, 2)}",{'n_components': 35},BinaryRelevance,158
0.02199521673205884,0.021411283985541412,39.48587577999933,16.977524961999734,title,"{'max_df': 0.9519238337011148, 'min_df': 0.012455767416767441, 'ngram_range': (1, 2)}",{'n_components': 35},BinaryRelevance,159
0.035236740499898396,0.035282099638535284,0.8310834869989776,25.957776290000766,title,"{'max_df': 0.9597909455307603, 'min_df': 0.017896159333268845, 'ngram_range': (1, 2)}",{'n_components': 35},BinaryRelevance,160
0.02285182811498601,0.022487820210592487,56.4766608630016,17.025740668999788,title,"{'max_df': 0.9507914128359635, 'min_df': 0.014417559491930087, 'ngram_range': (1, 2)}",{'n_components': 35},BinaryRelevance,161
0.028042142778984883,0.028195819581958197,15.909853369001212,1.819447129000764,title,"{'max_df': 0.9549041046054838, 'min_df': 0.010018091757262024, 'ngram_range': (1, 2)}",{'n_components': 35},BinaryRelevance,162
0.023785659575133258,0.02382838283828383,118.7120969150019,36.922716313998535,title,"{'max_df': 0.9534066488883288, 'min_df': 0.020746233082944043, 'ngram_range': (1, 2)}",{'n_components': 35},BinaryRelevance,163
0.028042142778984883,0.028195819581958197,52.5355491420014,32.43619281000065,title,"{'max_df': 0.957836048107188, 'min_df': 0.04492185350487635, 'ngram_range': (1, 2)}",{'n_components': 35},BinaryRelevance,164
0.023133509449298924,0.023025302530253026,88.11168791400269,6.819799983000848,title,"{'max_df': 0.9616774237702321, 'min_df': 0.016702082128248395, 'ngram_range': (1, 2)}",{'n_components': 35},BinaryRelevance,165
0.023378925484188642,0.023276756247053276,70.48873426600039,31.652384372999222,title,"{'max_df': 0.9557169003065639, 'min_df': 0.015725597369518878, 'ngram_range': (1, 2)}",{'n_components': 35},BinaryRelevance,166
0.028042142778984883,0.028195819581958197,55.876486823999585,196.40892542800066,title,"{'max_df': 0.9586043984174145, 'min_df': 0.018354942569827747, 'ngram_range': (1, 2)}","{'doc_topic_prior': 2.480909941045126, 'n_components': 45, 'topic_word_prior': 0.0017929200776071407}",BinaryRelevance,167
0.02618073249652197,0.026322489391796322,37.01258202400277,16.265956076000293,title,"{'max_df': 0.9704641140115049, 'min_df': 0.03673247716960078, 'ngram_range': (1, 2)}",{'n_components': 20},BinaryRelevance,168
0.028042142778984883,0.028195819581958197,0.6607838100026129,1.585498787000688,title,"{'max_df': 0.9607653361157774, 'min_df': 0.049928905225425355, 'ngram_range': (1, 2)}",{'n_components': 35},BinaryRelevance,169
0.022318478107951793,0.021334276284771334,44.065171973998076,16.62424221800029,title,"{'max_df': 0.9560895020098135, 'min_df': 0.012759835770050135, 'ngram_range': (1, 2)}",{'n_components': 30},BinaryRelevance,170
0.021581604739499476,0.02074964639321075,134.9051330279981,35.53831125200304,title,"{'max_df': 0.9573102213429748, 'min_df': 0.01165737221565525, 'ngram_range': (1, 2)}",{'n_components': 35},BinaryRelevance,171
0.02635424319634846,0.026459217350306458,10.279878100998758,1.058421695001016,title,"{'max_df': 0.9501703369463724, 'min_df': 0.013440506195250088, 'ngram_range': (1, 2)}",{'n_components': 15},BinaryRelevance,172
0.025531708689603427,0.02561213264183561,25.404225992999272,13.404069674998027,title,"{'max_df': 0.9804003334014298, 'min_df': 0.03892075019933028, 'ngram_range': (1, 2)}","{'doc_topic_prior': 0.010947576090401834, 'n_components': 30, 'topic_word_prior': 5.178872877129038}",BinaryRelevance,173
0.031137198505619558,0.03143957252868144,121.4070017510021,367.1875337929996,title,"{'max_df': 0.9539725710752177, 'min_df': 0.024163221210099273, 'ngram_range': (1, 1)}",{'n_components': 40},BinaryRelevance,174
0.025531708689603427,0.025634134842055633,40.74301117900177,7.9478100029991765,title,"{'max_df': 0.976962833406363, 'min_df': 0.026420140272435395, 'ngram_range': (1, 2)}",{'n_components': 35},BinaryRelevance,175
0.02505244399981242,0.025038503850385037,43.80901233400073,21.23384378499759,title,"{'max_df': 0.953809939360245, 'min_df': 0.022275828784482178, 'ngram_range': (1, 2)}",{'n_components': 20},BinaryRelevance,176
0.064624763572132,0.06465032217507465,0.827740641998389,8.994473589998961,title,"{'max_df': 0.9596859927750802, 'min_df': 0.0344415342171892, 'ngram_range': (1, 2)}",{'n_components': 30},BinaryRelevance,177
0.02312225470120207,0.022866572371522866,158.27403073999812,38.16175085799841,title,"{'max_df': 0.9629138912446472, 'min_df': 0.017254312348366, 'ngram_range': (1, 2)}","{'doc_topic_prior': 0.18571464650640715, 'n_components': 35, 'topic_word_prior': 0.3312389574889065}",BinaryRelevance,178
0.025524518156097104,0.02560898947037561,35.31683819600221,35.331610376000754,title,"{'max_df': 0.9897715077414194, 'min_df': 0.038937576866160895, 'ngram_range': (1, 3)}",{'n_components': 35},BinaryRelevance,179
0.02346489925437294,0.023215464403583217,75.36399006899956,42.13836371999787,title,"{'max_df': 0.9512954953777457, 'min_df': 0.019195633194918203, 'ngram_range': (1, 2)}",{'n_components': 15},BinaryRelevance,180
0.023086302033670455,0.022995442401382994,28.148138275999372,1.5966222719980578,title,"{'max_df': 0.9666901383855978, 'min_df': 0.014172319882713414, 'ngram_range': (1, 2)}",{'n_components': 35},BinaryRelevance,181
0.02214184108920951,0.018926606946408926,119.55061756800205,13.40754460899916,title,"{'max_df': 0.9525488425635965, 'min_df': 0.010839259433618138, 'ngram_range': (1, 2)}",{'n_components': 40},BinaryRelevance,182
0.022939052412736624,0.022904290429042903,55.439151030001085,26.35856054600299,title,"{'max_df': 0.9547903044618627, 'min_df': 0.015140115267738886, 'ngram_range': (1, 2)}",{'n_components': 20},BinaryRelevance,183
0.02711143763775343,0.027243438629577243,38.12430566900002,131.50718522399984,title,"{'max_df': 0.9500036791416608, 'min_df': 0.04327602678553786, 'ngram_range': (1, 2)}","{'doc_topic_prior': 0.030052050942592376, 'n_components': 40, 'topic_word_prior': 0.04745377742730946}",BinaryRelevance,184
0.02711143763775343,0.027243438629577243,19.263743876999797,13.847868910001125,title,"{'max_df': 0.9596694542715617, 'min_df': 0.04765594849674497, 'ngram_range': (1, 1)}",{'n_components': 35},BinaryRelevance,185
0.028042142778984883,0.028195819581958197,1.8440441919992736,1.5230979729967657,title,"{'max_df': 0.9649685538827603, 'min_df': 0.01002991160813363, 'ngram_range': (1, 2)}",{'n_components': 25},BinaryRelevance,186
0.021915495599706125,0.021579443658651578,82.77990481899906,32.94423163099782,title,"{'max_df': 0.9745705314865727, 'min_df': 0.012306436065442409, 'ngram_range': (1, 2)}",{'n_components': 30},BinaryRelevance,187
0.025531396057711847,0.025607417884645607,17.150723703998665,11.132614170001034,title,"{'max_df': 0.9723901946534377, 'min_df': 0.030734277004209404, 'ngram_range': (1, 2)}",{'n_components': 15},BinaryRelevance,188
0.02711143763775343,0.027243438629577243,15.443384832000447,1.1513128650003637,title,"{'max_df': 0.9564086314243772, 'min_df': 0.046945609482585464, 'ngram_range': (1, 2)}",{'n_components': 25},BinaryRelevance,189
0.022629859471964737,0.021786892975011785,165.0069494399977,14.13522455400016,title,"{'max_df': 0.9620074281706691, 'min_df': 0.011524594742922903, 'ngram_range': (1, 2)}","{'doc_topic_prior': 0.0013257492558203657, 'n_components': 45, 'topic_word_prior': 0.001242618856404111}",BinaryRelevance,190
0.02148218779797727,0.019863272041489865,55.57327301999976,6.393198108002252,title,"{'max_df': 0.9819720092872979, 'min_df': 0.010281742893828008, 'ngram_range': (1, 2)}",{'n_components': 35},BinaryRelevance,191
0.026375502164975848,0.026438786735816438,47.75923887699901,21.814411121002195,title,"{'max_df': 0.9850881514904147, 'min_df': 0.027813684447616706, 'ngram_range': (1, 2)}",{'n_components': 40},BinaryRelevance,192
0.026284526284526284,0.026424642464246424,29.184610989999783,21.356220453999413,title,"{'max_df': 0.958018343415059, 'min_df': 0.032282028750564185, 'ngram_range': (1, 2)}",{'n_components': 25},BinaryRelevance,193
0.024696668907195223,0.024716328775734715,39.69663226099874,158.26783173399963,title,"{'max_df': 0.9591017552144988, 'min_df': 0.01611542736175619, 'ngram_range': (1, 2)}",{'n_components': 35},BinaryRelevance,194
0.023449580291685555,0.02324060977526324,69.14920593300121,36.31831076999879,title,"{'max_df': 0.9530362503031423, 'min_df': 0.020326716514965516, 'ngram_range': (1, 2)}",{'n_components': 20},BinaryRelevance,195
0.0272580619949041,0.02735973597359736,10.975632386998768,3.564624382001057,title,"{'max_df': 0.9708377923493751, 'min_df': 0.013387411801231017, 'ngram_range': (1, 2)}","{'doc_topic_prior': 0.004913040067871858, 'n_components': 25, 'topic_word_prior': 2.0662135578916874}",BinaryRelevance,196
0.026191674612727246,0.026324060977526324,120.43840409499899,41.557254396000644,title,"{'max_df': 0.9873357673422392, 'min_df': 0.03306250637349856, 'ngram_range': (1, 1)}",{'n_components': 25},BinaryRelevance,197
0.02458756037703406,0.024640892660694642,14.498260434000258,1.6140058519995364,title,"{'max_df': 0.95427249304835, 'min_df': 0.0109563086338518, 'ngram_range': (1, 2)}",{'n_components': 35},BinaryRelevance,198
0.025524518156097104,0.02560898947037561,36.778757504998794,24.101526045000355,title,"{'max_df': 0.9515689921457828, 'min_df': 0.035623266682846835, 'ngram_range': (1, 2)}",{'n_components': 30},BinaryRelevance,199
0.022899348162506057,0.0218984755618419,92.42993500800003,12.45489909099706,title,"{'max_df': 0.9605484424800755, 'min_df': 0.014217456210530648, 'ngram_range': (1, 2)}",{'n_components': 25},BinaryRelevance,200
